,Fruit Colour Description,Fruit Colour Description,Fruit Colour Description,Fruit Colour Description,Fruit Colour Description,Fruit Colour Description,Fruit Colour Description,Fruit Colour Description,Fruit Colour Description,Fruit Colour Description,Fruit Colour Description,Fruit Colour Description,Fruit Colour Description,Fruit Colour Description,Fruit Colour Description,Fruit Colour Description,Fruit Colour Description,Fruit Colour Description,Fruit Colour Description,Fruit Colour Description,Fruit Colour Description,Fruit Colour Description,Fruit Colour Description,Fruit Colour Description,Fruit Colour Description,Fruit Colour Description,Fruit Colour Description,Fruit Colour Description,Fruit Colour Description,Fruit Colour Description,Fruit Colour Description,Fruit Colour,Fruit Colour,Fruit Colour,Fruit Colour,Fruit Colour,Fruit Colour,Fruit Colour,Fruit Colour,Fruit Colour,Fruit Colour,Fruit Colour,Fruit Colour,Crown,Crown,Crown,Fruit Size,Fruit Size,Fruit Shape,Fruit Shape,Fruit Shape,Fruit Shape,Fruit Shape,Fruit Shape,Fruit Shape,Conspicuousness,Conspicuousness,Measurement,Measurement,Measurement,Measurement,Measurement,Measurement,Measurement,Measurement,Measurement,Measurement,Measurement,Measurement
,black,blue,bluish,brown,brownish,chocolate,coral,crimson,darkgreen,green,greenish,grey,ivory,magenta,maroon,olive,orange,orangish,pink,pinkish,plum,purple,purplish,red,reddish,tan,violet,white,whitish,yellow,yellowish,black,blue,brown,green,grey,ivory,orange,pink,purple,red,white,yellow,both,canopy,understorey,large,small,ellipsoid,elongate,fusiform,globose,ovoid,pyramidal,rounded,conspicuous,cryptic,Maximum Stem Height in Meters,Maximum Stem Diameter in Centimeters,Maximum Leaf Number,Maximum Leaf Blade Length in Meters,Maximum Rachis Length in Meters,Maximum Petiole Length in Meters,Average Fruit Length in Centimeters,Minimum Fruit Length in Centimeters,Maximum Fruit Length in Centimeters,Average Fruit Width in Centimeters,Minimum Fruit Width in Centimeters,Maximum Fruit Width in Centimeters
SpecName,,,,,,,,,,,,,,,,,,,,,,,,,,,,,,,,,,,,,,,,,,,,,,,,,,,,,,,,,,,,,,,,,,,,,
Actinokentia divaricata,0,0,0,0,0,0,0,0,0,0,0,0,0,0,0,0,0,0,0,0,0,1,0,1,0,0,0,0,0,0,0,0,0,0,0,0,0,0,0,1,1,0,0,0,1,0,0,1,0,0,0,1,0,0,0,1,0,9.0,9.0,7.0,2.35,2.1,1.3,2.6,1.8,3.4,1.1,0.8,1.4
Aiphanes minima,0,0,0,0,0,0,0,0,0,0,0,0,0,0,0,0,0,0,0,0,0,0,0,1,0,0,0,0,0,0,0,0,0,0,0,0,0,0,0,0,1,0,0,0,1,0,0,1,0,0,0,1,0,0,0,1,0,18.0,50.0,9.0,4.2,3.0,1.25,1.4,1.2,1.6,1.55,1.4,1.7
Archontophoenix alexandrae,0,0,0,0,0,0,0,0,0,0,0,0,0,0,0,0,0,0,0,0,0,0,0,1,0,0,0,0,0,0,0,0,0,0,0,0,0,0,0,0,1,0,0,0,1,0,0,1,0,0,0,0,1,0,0,1,0,30.0,30.0,12.0,4.5,4.0,0.55,1.1,0.8,1.4,0.85,0.6,1.1
Archontophoenix maxima,0,0,0,0,0,0,0,0,0,0,0,0,0,0,0,0,0,0,0,0,0,0,0,1,0,0,0,0,0,0,0,0,0,0,0,0,0,0,0,0,1,0,0,0,1,0,0,1,0,0,0,1,0,0,0,1,0,22.0,30.0,11.0,5.0,3.4,1.7,1.25,1.1,1.4,0.9,0.7,1.1
Archontophoenix myolensis,0,0,0,0,0,0,0,0,0,0,0,0,0,0,0,0,0,0,0,0,0,0,0,1,0,0,0,0,0,0,0,0,0,0,0,0,0,0,0,0,1,0,0,0,1,0,0,1,0,0,0,1,0,0,0,1,0,20.0,30.0,12.0,4.0,3.8,0.22,1.7,1.3,2.1,1.1,1.0,1.2
Archontophoenix purpurea,0,0,0,0,0,0,0,1,0,0,0,0,0,0,0,0,0,0,0,0,0,0,0,1,0,0,0,0,0,0,0,0,0,0,0,0,0,0,0,0,1,0,0,0,1,0,0,1,0,0,0,1,0,0,0,1,0,25.0,45.0,15.0,6.0,4.0,2.1,2.3,2.0,2.6,2.0,1.8,2.2
Archontophoenix tuckeri,0,0,0,0,0,0,0,0,0,0,0,0,0,0,0,0,0,0,0,0,0,0,0,1,0,0,0,0,0,0,0,0,0,0,0,0,0,0,0,0,1,0,0,0,1,0,0,1,0,0,0,0,1,0,0,1,0,20.0,26.0,12.0,3.15,1.75,1.45,2.0,1.5,2.5,1.25,1.0,1.5
Areca catechu,0,0,0,0,0,0,0,0,0,0,0,0,0,0,0,0,1,0,0,0,0,0,0,1,0,0,0,0,0,1,0,0,0,0,0,0,0,1,0,0,1,0,1,0,1,0,1,0,0,0,0,0,1,0,0,1,0,25.0,30.0,10.0,3.15,2.05,1.25,6.5,5.0,8.0,4.75,3.5,6.0
Areca laosensis,0,0,0,0,0,0,0,0,0,0,0,0,0,0,0,0,1,0,0,0,0,0,0,0,0,0,0,0,0,1,0,0,0,0,0,0,0,1,0,0,0,0,0,0,1,0,1,0,0,0,0,0,1,0,0,1,0,6.0,4.0,12.0,1.26,1.19,0.09,7.5,7.0,8.0,5.5,5.0,6.0
Arenga australasica,0,0,0,0,0,0,0,0,0,0,0,0,0,0,0,0,0,0,0,0,0,0,0,1,0,0,0,0,0,0,0,0,0,0,0,0,0,0,0,0,1,0,0,0,1,0,0,1,0,0,0,1,0,0,0,1,0,20.0,30.0,18.0,4.0,3.5,0.55,1.7,0.8,2.6,1.8,0.8,2.8
Astrocaryum acaule,0,0,0,0,0,0,0,0,0,0,0,0,0,0,0,0,0,0,0,0,0,0,0,0,0,0,0,0,0,1,0,0,0,0,0,0,0,0,0,0,0,0,1,0,0,1,1,0,0,0,0,0,0,0,0,1,0,1.0,30.0,9.0,7.0,4.0,2.75,4.0,3.5,4.5,2.6,2.4,2.8
Astrocaryum aculeatum,0,0,0,0,0,0,0,0,0,0,1,0,0,0,0,0,1,0,0,0,0,0,0,0,0,0,0,0,0,0,1,0,0,0,0,0,0,1,0,0,0,0,0,0,1,0,1,0,0,0,0,1,0,0,0,1,0,20.0,25.0,15.0,8.4,6.4,2.1,5.5,4.5,6.5,4.0,3.5,4.5
Astrocaryum chambira,0,0,0,0,0,0,0,0,0,0,0,0,0,0,0,0,1,0,0,0,0,0,0,0,0,0,0,0,0,1,0,0,0,0,0,0,0,1,0,0,0,0,1,0,1,0,1,0,0,0,0,0,0,0,0,1,0,30.0,40.0,16.0,9.0,5.5,3.25,7.0,6.0,8.0,4.75,4.5,5.0
Astrocaryum huaimi,0,0,0,0,0,0,0,0,0,0,0,0,0,0,0,0,1,0,0,0,0,0,0,0,0,0,0,0,0,0,1,0,0,0,0,0,0,1,0,0,0,0,0,0,1,0,0,1,0,0,0,1,0,0,0,1,0,7.0,15.0,12.0,5.5,3.5,2.1,3.55,3.2,3.9,2.75,2.5,3.0
Astrocaryum jauari,0,0,0,0,0,0,0,0,0,0,0,0,0,0,0,0,1,0,0,0,0,0,0,0,0,0,0,0,0,1,0,0,0,0,0,0,0,1,0,0,0,0,1,0,1,0,0,1,0,0,0,0,1,0,0,1,0,20.0,30.0,15.0,6.0,3.6,2.5,3.5,2.5,5.0,2.4,1.7,3.0
Astrocaryum javarense,0,0,0,1,0,0,0,0,0,0,0,0,0,0,0,0,0,0,0,0,0,0,0,0,0,0,0,0,0,0,0,0,0,1,0,0,0,0,0,0,0,0,0,0,0,1,1,0,0,0,0,1,0,0,0,0,1,4.0,18.0,16.0,5.7,4.4,1.35,5.1,3.5,6.7,1.6,2.2,3.0
Astrocaryum murumuru,0,0,0,0,0,0,0,0,0,0,0,0,0,0,0,0,1,0,0,0,0,0,0,0,0,1,0,0,0,1,0,0,0,1,0,0,0,0,0,0,0,0,1,0,1,0,1,0,0,0,0,0,1,0,0,1,0,15.0,30.0,16.0,8.0,6.0,2.1,7.25,6.0,8.5,4.1,3.8,4.4
Astrocaryum paramaca,0,0,0,1,0,0,0,0,0,0,0,0,0,0,0,0,1,0,0,0,0,0,0,0,0,0,0,0,0,0,0,0,0,1,0,0,0,0,0,0,0,0,0,0,1,0,0,1,0,0,0,0,1,0,0,0,1,8.0,11.0,15.0,6.3,5.0,1.35,3.75,3.5,4.0,2.25,2.0,2.5
Astrocaryum sciophilum,0,0,0,1,0,0,0,0,0,0,0,0,0,0,0,0,0,0,0,0,0,0,0,0,0,0,0,0,0,0,0,0,0,1,0,0,0,0,0,0,0,0,0,0,1,0,1,0,0,0,0,0,1,0,0,0,1,12.0,20.0,14.0,7.7,5.2,2.6,6.75,6.5,7.0,3.25,2.5,4.0
Astrocaryum sociale,0,0,0,0,0,0,0,0,0,0,0,0,0,0,0,0,1,0,0,0,0,0,0,0,0,0,0,0,0,0,0,0,0,0,0,0,0,1,0,0,0,0,0,0,0,1,1,0,0,0,0,0,0,0,0,1,0,0.0,0.0,8.0,3.6,2.1,1.55,5.0,4.0,6.0,3.0,2.5,3.5
Astrocaryum standleyanum,0,0,0,0,0,0,0,0,0,0,0,0,0,0,0,0,1,0,0,0,0,0,0,0,0,0,0,0,0,0,0,0,0,0,0,0,0,1,0,0,0,0,0,0,1,0,1,0,0,0,0,0,0,0,0,1,0,15.0,30.0,18.0,5.61,4.0,1.71,5.5,4.0,6.0,3.1,2.7,3.5
Astrocaryum vulgare,0,0,0,0,0,0,0,0,0,0,0,0,0,0,0,0,1,0,0,0,0,0,0,0,0,0,0,0,0,1,0,0,0,0,0,0,0,1,0,0,0,0,1,0,1,0,1,0,0,0,0,0,1,0,0,1,0,15.0,20.0,16.0,7.5,5.0,2.6,4.25,3.5,5.0,3.2,2.5,3.7
Attalea butyracea,0,0,0,1,0,0,0,0,0,0,0,0,0,0,0,0,1,0,0,0,0,0,0,0,0,0,0,0,0,1,0,0,0,1,0,0,0,1,0,0,0,0,1,0,1,0,1,0,0,0,0,0,1,0,0,1,0,25.0,75.0,35.0,13.34,10.0,2.75,8.25,4.5,12.0,3.75,3.0,4.5
Attalea cohune,0,0,0,1,0,0,0,0,0,0,0,0,0,0,0,0,0,0,0,0,0,0,0,0,0,0,0,0,0,1,0,0,0,1,0,0,0,0,0,0,0,0,0,0,1,0,1,0,0,0,0,0,0,0,0,0,1,25.0,60.0,30.0,14.35,9.0,4.1,6.0,4.0,8.0,3.9,3.3,4.5
Attalea dahlgreniana,0,0,0,0,1,0,0,0,0,0,0,0,0,0,0,0,0,0,0,0,0,0,0,0,0,0,0,0,0,0,0,0,0,1,0,0,0,0,0,0,0,0,0,0,1,0,1,0,0,0,0,0,1,0,0,0,1,15.0,55.0,20.0,9.3,8.2,1.15,7.5,6.0,9.0,3.25,2.5,4.0
Attalea geraensis,0,0,0,1,0,0,0,0,0,0,0,0,0,0,0,0,0,0,0,0,0,0,0,0,1,0,0,0,0,0,0,0,0,1,0,0,0,0,0,0,0,0,0,0,0,1,1,0,0,1,0,0,0,0,0,0,1,0.0,0.0,8.0,2.6,2.2,0.45,6.0,5.0,7.0,3.75,3.0,4.5
Attalea maripa,0,0,0,0,1,0,0,0,0,0,0,0,0,0,0,0,1,0,0,0,0,0,0,0,0,0,0,0,0,0,0,0,0,0,0,0,0,1,0,0,0,0,0,0,1,0,1,0,0,0,0,0,1,0,0,1,0,20.0,35.0,22.0,15.4,10.0,5.15,5.0,4.0,6.0,2.75,2.5,3.0
Attalea oleifera,0,0,0,1,0,0,0,0,0,0,0,0,0,0,0,0,0,0,0,0,0,0,0,0,0,0,0,0,0,0,0,0,0,1,0,0,0,0,0,0,0,0,0,0,1,0,1,0,0,0,0,1,0,0,0,0,1,30.0,45.0,30.0,11.8,9.8,2.1,9.0,7.0,11.0,5.0,4.0,6.0
Attalea phalerata,0,0,0,1,0,0,0,0,0,1,0,0,0,0,0,0,0,0,0,0,0,0,0,0,0,0,0,0,0,0,0,0,0,1,1,0,0,0,0,0,0,0,0,0,1,0,1,0,0,0,0,1,0,0,0,0,1,10.0,60.0,30.0,9.7,7.4,2.1,8.5,6.0,11.0,4.0,3.0,5.0
Attalea septuagenata,0,0,0,0,0,0,0,0,0,0,0,0,0,0,0,0,0,0,0,0,0,0,0,0,0,0,0,0,0,0,0,0,0,0,0,0,0,0,0,0,0,0,0,0,1,0,1,0,0,0,0,0,1,0,0,0,0,12.0,30.0,20.0,10.5,9.0,1.55,10.75,10.0,11.5,5.5,5.0,6.0
Attalea speciosa,0,0,0,1,0,0,0,0,0,0,0,0,0,0,0,0,0,0,0,0,0,0,0,0,0,0,0,0,0,0,0,0,0,1,0,0,0,0,0,0,0,0,0,0,1,0,1,0,0,0,0,0,0,0,0,0,1,20.0,41.0,22.0,7.82,6.72,1.25,9.55,6.6,12.5,6.8,3.7,9.9
Attalea tessmannii,0,0,0,0,1,0,0,0,0,0,0,0,0,0,0,0,0,0,0,0,0,0,0,0,0,0,0,0,0,0,0,0,0,1,0,0,0,0,0,0,0,0,0,0,1,0,1,0,0,0,0,0,1,0,0,0,1,19.0,40.0,12.0,11.5,9.3,2.3,12.5,12.0,13.0,6.5,6.0,7.0
Attalea vitrivir,0,0,0,0,0,0,0,0,0,0,0,0,0,0,0,0,0,0,0,0,0,0,0,0,0,0,0,0,0,0,0,0,0,0,0,0,0,0,0,0,0,0,0,0,1,0,1,0,0,0,0,1,0,0,0,0,0,20.0,50.0,20.0,8.7,7.5,1.25,12.0,10.0,14.0,5.0,4.0,6.0
Bactris dianeura,0,0,0,0,0,0,0,0,0,0,0,0,0,0,0,0,1,0,0,0,0,0,0,0,0,0,0,0,0,0,0,0,0,0,0,0,0,1,0,0,0,0,0,0,0,1,0,1,0,0,0,1,0,0,0,1,0,5.0,3.0,7.0,1.65,1.25,0.45,1.5,1.2,1.8,1.4,1.2,1.6
Bactris gastoniana,1,0,0,0,0,0,0,0,0,0,0,0,0,0,0,0,0,0,0,0,0,1,0,0,0,0,0,0,0,0,0,1,0,0,0,0,0,0,0,1,0,0,0,0,0,1,0,1,0,0,0,0,0,0,0,0,1,0.6,2.0,8.0,1.3,0.55,0.8,2.75,2.5,3.0,1.75,1.5,2.0
Bactris gracilior,0,0,0,0,0,0,0,0,0,0,0,0,0,0,0,0,1,0,0,0,0,0,0,0,0,0,0,0,0,0,0,0,0,0,0,0,0,1,0,0,0,0,0,0,0,1,0,1,0,0,0,0,1,0,0,1,0,4.0,2.0,9.0,2.06,0.96,1.15,1.15,1.0,1.3,1.0,0.9,1.1
Bactris grayumii,0,0,0,0,0,0,0,0,0,0,0,0,0,0,0,0,1,0,0,0,0,0,0,0,0,0,0,0,0,0,0,0,0,0,0,0,0,1,0,0,0,0,0,0,0,1,0,1,0,0,0,1,0,0,0,1,0,3.5,3.0,9.0,1.15,0.7,0.5,1.15,1.1,1.2,1.0,0.9,1.1
Bactris hirta,1,0,0,0,0,0,0,0,0,0,0,0,0,0,0,0,1,0,0,0,0,0,1,1,0,0,0,0,0,0,0,1,0,0,0,0,0,1,0,0,1,0,0,0,0,1,0,1,0,0,0,0,0,0,0,1,0,3.0,2.0,8.0,1.69,0.8,1.01,0.75,0.5,1.0,0.75,0.5,1.0
Bactris horridispatha,1,0,0,0,0,0,0,0,0,0,0,0,0,0,0,0,0,0,0,0,0,1,0,0,0,0,0,0,0,0,0,1,0,0,0,0,0,0,0,1,0,0,0,0,1,0,0,1,0,0,0,0,0,0,0,0,1,6.0,3.0,8.0,2.2,1.5,0.75,3.25,3.0,3.5,2.4,2.3,2.5
Bactris kunorum,0,0,0,0,0,0,0,0,0,0,0,0,0,0,0,0,1,0,0,0,0,0,0,1,0,0,0,0,0,0,0,0,0,0,0,0,0,1,0,0,1,0,0,0,1,0,0,1,0,1,0,0,0,0,0,1,0,6.0,5.0,9.0,1.62,1.35,0.3,1.65,1.4,1.9,1.65,1.3,2.0
Bactris longiseta,0,0,0,1,0,0,0,0,0,0,0,0,0,0,0,0,0,0,0,0,0,1,0,0,0,0,0,0,0,0,0,0,0,1,0,0,0,0,0,1,0,0,0,0,0,1,0,1,0,0,0,0,1,0,0,0,1,4.5,2.5,7.0,2.2,1.35,0.97,1.55,1.5,1.6,1.55,1.5,1.6
Bactris macroacantha,1,0,0,0,0,0,0,0,0,0,0,0,0,0,0,0,0,0,0,0,0,1,0,0,0,0,0,0,0,0,0,1,0,0,0,0,0,0,0,1,0,0,0,0,0,1,0,1,0,0,0,0,0,0,0,0,1,4.0,4.0,6.0,2.3,1.5,0.92,2.85,2.5,3.2,2.15,2.0,2.3
Bactris major,1,0,0,0,0,0,0,0,0,0,0,0,0,0,0,0,0,0,0,0,0,1,0,0,0,0,0,0,0,0,0,1,0,0,0,0,0,0,0,1,0,0,0,0,1,0,0,1,0,0,0,0,1,0,0,0,1,10.0,6.0,10.0,3.3,1.8,1.55,3.5,2.5,4.5,2.4,1.3,3.5
Bactris oligocarpa,1,0,0,0,0,0,0,0,0,0,0,0,0,0,0,0,0,0,0,0,0,1,0,0,0,0,0,0,0,0,0,1,0,0,0,0,0,0,0,1,0,0,0,0,0,1,0,1,0,0,0,0,1,0,0,0,1,1.5,1.0,10.0,1.2,0.4,0.92,1.85,1.7,2.0,1.15,1.0,1.3
Bactris pilosa,1,0,0,0,0,0,0,0,0,0,0,0,0,0,0,0,0,0,0,0,0,1,0,0,0,0,0,0,0,0,0,1,0,0,0,0,0,0,0,1,0,0,0,0,1,0,0,1,0,0,0,0,1,0,0,0,1,10.0,4.0,8.0,2.91,2.2,0.76,2.25,2.0,2.5,1.65,1.3,2.0
Bactris ptariana,0,0,0,0,0,0,0,0,0,0,0,0,0,0,0,0,1,0,0,0,0,0,0,1,0,0,0,0,0,0,0,0,0,0,0,0,0,1,0,0,1,0,0,0,0,1,0,1,0,0,0,0,1,0,0,1,0,3.0,4.0,9.0,2.8,2.0,0.92,0.85,0.7,1.0,0.75,0.7,0.8
Bactris setosa,1,0,0,0,0,0,0,0,0,0,0,0,0,0,0,0,0,0,0,0,0,1,0,0,0,0,0,0,0,0,0,1,0,0,0,0,0,0,0,1,0,0,0,0,1,0,0,1,0,0,0,1,0,0,0,0,1,6.0,4.0,5.0,3.01,1.91,1.15,1.25,1.0,1.5,1.75,1.5,2.0
Bactris setulosa,0,0,0,0,0,0,0,0,0,0,0,0,0,0,0,0,1,0,0,0,0,0,0,1,0,0,0,0,0,0,0,0,0,0,0,0,0,1,0,0,1,0,0,0,1,0,0,1,0,0,0,0,0,0,0,1,0,10.0,10.0,9.0,4.1,3.0,1.15,1.9,1.5,2.0,1.9,1.5,2.0
Bactris turbinocarpa,0,0,0,1,0,0,0,0,0,0,0,0,0,0,0,0,0,0,0,0,0,0,0,0,0,0,0,0,0,0,0,0,0,1,0,0,0,0,0,0,0,0,0,0,0,1,0,1,0,0,0,0,1,0,0,0,1,1.7,2.5,13.0,1.61,1.04,0.62,3.0,2.5,3.5,1.75,1.5,2.0
Balaka seemannii,0,0,0,0,0,0,0,0,0,0,0,0,0,0,0,0,0,0,0,0,0,0,0,1,0,0,0,0,0,0,0,0,0,0,0,0,0,0,0,0,1,0,0,0,1,0,0,1,0,1,0,0,0,0,0,1,0,7.0,4.0,7.0,1.5,1.0,0.55,1.95,1.4,2.5,0.9,0.5,1.3
Balaka streptostachys,0,0,0,0,0,0,0,0,0,0,0,0,0,0,0,0,1,0,0,0,0,0,0,1,0,0,0,0,0,0,0,0,0,0,0,0,0,1,0,0,1,0,0,0,1,0,0,1,0,0,0,0,1,0,0,1,0,7.0,10.0,10.0,3.0,2.55,0.5,2.15,1.8,2.5,1.1,0.8,1.4
Basselinia pancheri,1,0,0,0,0,0,0,0,0,0,0,0,0,0,0,0,0,0,0,0,0,0,0,0,0,0,0,0,0,0,0,1,0,0,0,0,0,0,0,0,0,0,0,0,1,0,0,1,0,0,0,0,1,0,0,0,1,15.0,10.0,9.0,1.55,1.3,0.28,0.7,0.6,0.8,0.75,0.6,0.9
Basselinia tomentosa,1,0,0,0,0,0,0,0,0,0,0,0,0,0,0,0,0,0,0,0,0,0,0,0,0,0,0,0,0,0,0,1,0,0,0,0,0,0,0,0,0,0,0,0,1,0,0,1,0,0,0,1,0,0,0,0,1,20.0,25.0,10.0,1.0,0.7,0.33,0.75,0.7,0.8,0.55,0.5,0.6
Bismarckia nobilis,0,0,0,1,0,0,0,0,0,0,0,0,0,0,0,0,0,0,0,0,0,0,0,0,0,0,0,0,0,0,0,0,0,1,0,0,0,0,0,0,0,0,0,0,1,0,1,0,0,0,0,1,0,0,0,0,1,25.0,45.0,30.0,4.5,1.5,2.75,4.4,4.0,4.8,3.025,3.0,3.05
Borassus heineanus,1,0,0,0,0,0,0,0,0,0,1,0,0,0,0,0,0,0,0,0,0,0,0,0,0,0,0,0,0,0,0,1,0,0,0,0,0,0,0,0,0,0,0,0,1,0,1,0,0,0,0,0,0,0,0,0,1,25.0,60.0,59.0,2.4,3.0,2.5,13.5,12.0,15.0,9.0,8.0,10.0
Brahea sarukhanii,1,0,0,0,0,0,0,0,0,0,0,0,0,0,0,0,0,0,0,0,0,0,0,0,0,0,0,0,0,0,0,1,0,0,0,0,0,0,0,0,0,0,0,0,0,1,0,1,0,0,0,0,0,0,0,0,1,5.0,15.0,18.0,1.5,1.6,0.85,1.9,1.8,2.0,1.4,1.2,1.6
Brassiophoenix schumannii,0,0,0,0,0,0,0,0,0,0,0,0,0,0,0,0,1,0,0,0,0,0,0,0,0,0,0,0,0,1,0,0,0,0,0,0,0,1,0,0,0,0,1,0,1,0,0,1,0,0,0,1,0,0,0,1,0,10.0,5.0,9.0,3.22,3.0,0.24,3.1,2.61,3.5,1.8,1.7,1.9
Butia archeri,0,0,0,1,0,0,0,0,0,0,0,0,0,0,0,0,0,0,0,0,0,0,0,0,0,0,0,0,0,0,1,0,0,1,0,0,0,0,0,0,0,0,0,0,0,1,0,1,0,0,0,0,0,0,0,0,1,1.0,20.0,12.0,1.0,0.8,0.22,1.9,1.8,2.0,1.4,1.5,1.6
Butia capitata,0,0,0,1,0,0,0,0,0,0,0,0,0,0,0,0,1,0,0,0,0,0,0,0,1,0,0,0,0,1,1,0,0,1,0,0,0,0,0,0,0,0,1,0,1,0,0,1,0,0,0,0,0,0,0,1,0,6.0,50.0,32.0,2.58,1.71,0.99,2.65,1.8,3.5,1.7,1.2,2.2
Butia paraguayensis,0,0,0,0,0,0,0,0,0,0,0,0,0,0,0,0,0,0,0,0,0,0,0,0,0,0,0,0,0,0,1,0,0,0,0,0,0,0,0,0,0,0,1,0,0,1,0,1,0,0,0,1,0,0,0,0,1,4.0,20.0,7.0,1.41,0.93,0.53,2.95,2.0,3.9,1.85,1.0,2.7
Butia yatay,0,0,0,0,0,0,0,0,0,0,0,0,0,0,0,0,0,0,0,0,0,0,0,0,0,0,0,0,0,0,1,0,0,0,0,0,0,0,0,0,0,0,1,0,1,0,0,1,0,1,0,0,0,0,0,0,1,12.0,40.0,30.0,3.1,2.4,0.75,3.6,3.0,4.2,2.65,2.5,2.8
Calyptrogyne anomala,1,0,0,0,0,0,0,0,0,0,0,0,0,0,0,0,0,0,0,0,0,0,0,0,0,0,0,0,0,0,0,1,0,0,0,0,0,0,0,0,0,0,0,0,0,1,0,1,0,0,0,1,0,0,0,0,1,0.5,5.0,16.0,1.16,0.7,0.51,1.08,0.98,1.22,0.53,0.48,0.6
Calyptrogyne ghiesbreghtiana,1,0,0,0,0,0,0,0,0,0,0,0,0,0,0,0,0,0,0,0,0,0,0,0,0,0,0,0,0,0,0,1,0,0,0,0,0,0,0,0,0,0,0,0,0,1,0,1,0,0,0,0,0,0,0,0,1,5.0,4.0,21.0,1.4,1.18,0.75,1.16,0.88,1.48,0.7,0.45,0.89
Calyptronoma occidentalis,0,0,0,0,0,0,0,0,0,0,0,0,0,0,0,0,0,0,0,0,0,0,0,0,0,0,0,0,0,0,0,0,0,0,0,0,0,0,0,0,0,0,0,0,1,0,0,1,0,0,0,1,0,0,0,0,0,12.0,29.0,10.0,4.3,3.0,1.35,1.28,0.98,1.58,0.72,0.59,0.85
Calyptronoma rivalis,0,0,0,0,0,0,0,0,0,0,0,0,0,0,0,0,0,0,0,0,0,0,0,1,0,0,0,0,0,0,0,0,0,0,0,0,0,0,0,0,1,0,0,0,1,0,0,1,0,0,0,0,1,0,0,1,0,15.0,30.0,14.0,5.0,4.0,0.95,0.58,0.46,0.7,0.41,0.36,0.46
Chamaedorea allenii,1,0,0,0,0,0,0,0,0,0,0,0,0,0,0,0,1,0,0,0,0,0,0,0,0,0,0,0,0,0,0,1,0,0,0,0,0,0,0,0,0,0,0,0,0,1,0,1,0,0,0,1,0,0,0,0,1,2.0,2.0,6.0,0.7,0.45,0.4,1.425,1.35,1.5,1.0,0.7,1.3
Chamaedorea angustisecta,1,0,0,0,0,0,0,0,0,0,0,0,0,0,0,0,0,0,0,0,0,0,0,0,0,0,0,0,0,0,0,1,0,0,0,0,0,0,0,0,0,0,0,0,0,1,0,1,0,0,0,1,0,0,0,0,1,4.0,3.0,8.0,2.56,1.56,0.95,1.55,1.3,1.8,0.65,0.5,0.8
Chamaedorea costaricana,1,0,0,0,0,0,0,0,0,0,0,0,0,0,0,0,0,0,0,0,0,0,1,0,0,0,0,0,0,0,0,1,0,0,0,0,0,0,0,0,0,0,0,0,1,0,0,1,0,0,0,1,0,0,0,0,1,8.0,6.0,6.0,2.0,1.25,0.8,1.25,1.2,1.3,0.85,0.7,1.0
Chamaedorea dammeriana,1,0,0,0,0,0,0,0,0,0,0,0,0,0,0,0,0,0,0,0,0,0,0,0,0,0,0,0,0,0,0,1,0,0,0,0,0,0,0,0,0,0,0,0,0,1,0,1,0,0,0,0,0,0,0,0,1,1.0,0.8,15.0,0.5,0.3,0.22,1.15,0.8,1.5,0.75,0.5,1.0
Chamaedorea deckeriana,1,0,0,0,0,0,0,0,0,0,0,0,0,0,0,0,1,0,0,0,0,0,0,1,0,0,0,0,0,0,0,1,0,0,0,0,0,0,0,0,0,0,0,0,0,1,0,1,0,0,0,0,0,0,0,0,1,2.0,3.0,5.0,0.7,0.35,0.4,1.25,1.0,1.5,0.75,0.5,1.0
Chamaedorea deneversiana,1,0,0,0,0,0,0,0,0,0,0,0,0,0,0,0,0,0,0,0,0,0,0,0,0,0,0,0,0,0,0,1,0,0,0,0,0,0,0,0,0,0,0,0,0,1,0,1,0,0,0,0,1,0,0,0,1,2.0,1.6,4.0,1.05,0.6,0.6,0.75,1.0,1.5,0.55,0.5,0.6
Chamaedorea elegans,1,0,0,0,0,0,0,0,0,0,0,0,0,0,0,0,0,0,0,0,0,0,0,0,0,0,0,0,0,0,0,1,0,0,0,0,0,0,0,0,0,0,0,0,0,1,0,1,0,0,0,0,1,0,0,0,1,2.0,2.0,8.0,1.0,0.6,0.45,0.55,0.4,0.7,0.55,0.4,0.7
Chamaedorea ernesti-augusti,1,0,0,0,0,0,0,0,0,0,0,0,0,0,0,0,0,0,0,0,0,0,0,0,0,0,0,0,0,0,0,1,0,0,0,0,0,0,0,0,0,0,0,0,0,1,0,1,0,0,0,0,1,0,0,0,1,2.0,1.5,8.0,0.5,0.25,0.28,1.25,1.0,1.5,0.9,0.8,1.0
Chamaedorea klotzschiana,1,0,0,0,0,0,0,0,0,0,0,0,0,0,0,0,0,0,0,0,0,0,0,0,0,0,0,0,0,0,0,1,0,0,0,0,0,0,0,0,0,0,0,0,0,1,0,1,0,0,0,0,1,0,0,0,1,4.0,3.0,6.0,1.4,1.0,0.45,1.05,0.9,1.2,0.8,0.7,0.9
Chamaedorea lucidifrons,1,0,0,0,0,0,0,0,0,0,0,0,0,0,0,0,1,0,0,0,0,0,0,0,0,0,0,0,0,0,0,1,0,0,0,0,0,1,0,0,0,0,0,0,0,1,0,1,0,0,0,1,0,0,0,1,0,2.0,3.0,5.0,1.1,0.65,0.5,0.55,0.5,0.6,0.45,0.4,0.5
Chamaedorea macrospadix,1,0,0,0,0,0,0,0,0,0,0,0,0,0,0,0,0,0,0,0,0,0,0,0,0,0,0,0,0,0,0,1,0,0,0,0,0,0,0,0,0,0,0,0,0,1,0,1,0,0,0,1,0,0,0,0,1,3.0,2.5,7.0,1.25,0.6,0.7,0.85,0.7,1.0,0.7,0.6,0.8
Chamaedorea metallica,1,0,0,0,0,0,0,0,0,0,0,0,0,0,0,0,0,0,0,0,0,0,0,0,0,0,0,0,0,0,0,1,0,0,0,0,0,0,0,0,0,0,0,0,0,1,0,1,0,0,0,0,1,0,0,0,1,3.0,1.5,16.0,0.36,0.32,0.06,1.1,1.0,1.2,0.85,0.8,0.9
Chamaedorea oblongata,1,0,0,0,0,0,0,0,0,0,0,0,0,0,0,0,0,0,0,0,0,0,0,0,0,0,0,0,0,0,0,1,0,0,0,0,0,0,0,0,0,0,0,0,0,1,0,1,0,0,0,0,1,0,0,0,1,3.0,2.5,8.0,0.99,0.6,0.44,1.1,0.8,1.4,0.7,0.6,0.8
Chamaedorea oreophila,0,0,0,0,0,0,0,0,0,1,0,0,0,0,0,0,0,0,0,0,0,0,0,1,0,0,0,0,0,1,0,0,0,0,0,0,0,0,0,0,1,0,1,0,0,1,0,1,0,0,0,1,0,0,0,1,0,3.0,2.0,13.0,1.15,0.8,0.4,0.95,0.6,1.3,0.6,0.4,0.8
Chamaedorea pauciflora,1,0,0,0,0,0,0,0,0,0,0,0,0,0,0,0,0,0,0,0,0,0,0,0,0,0,0,0,0,0,0,1,0,0,0,0,0,0,0,0,0,0,0,0,0,1,0,1,0,0,0,0,1,0,0,0,1,2.0,2.0,9.0,1.25,0.64,0.66,1.35,1.0,1.5,0.65,0.5,0.8
Chamaedorea pinnatifrons,1,0,0,0,0,0,0,0,0,1,0,0,0,0,0,0,1,0,0,0,0,0,0,1,0,0,0,0,0,0,0,1,0,0,0,0,0,0,0,0,0,0,0,0,0,1,0,1,0,0,0,0,0,0,0,0,1,4.5,3.0,10.0,1.5,0.75,0.8,1.25,0.5,2.0,0.45,0.4,1.8
Chamaedorea pochutlensis,1,0,0,0,0,0,0,0,0,0,0,0,0,0,0,0,0,0,0,0,0,0,0,0,0,0,0,0,0,0,0,1,0,0,0,0,0,0,0,0,0,0,0,0,0,1,0,1,0,0,0,1,0,0,0,0,1,5.0,3.0,5.0,1.3,1.0,0.33,1.35,1.2,1.5,0.9,0.8,1.0
Chamaedorea pumila,1,0,0,0,0,0,0,0,0,0,0,0,0,0,0,0,0,0,0,0,0,1,0,0,0,0,0,0,0,0,0,1,0,0,0,0,0,0,0,0,0,0,0,0,0,1,0,1,0,0,0,0,0,0,0,0,1,0.5,2.0,15.0,0.4,0.15,0.28,0.8,0.6,1.0,0.8,0.6,1.0
Chamaedorea pygmaea,1,0,0,0,0,0,0,0,0,0,0,0,0,0,0,0,0,0,0,0,0,0,0,0,0,0,0,0,0,0,0,1,0,0,0,0,0,0,0,0,0,0,0,0,0,1,0,1,0,0,0,0,1,0,0,0,1,0.75,2.0,8.0,0.41,0.16,0.28,0.7,0.6,0.8,0.7,0.6,0.8
Chamaedorea rojasiana,1,0,0,0,0,0,0,0,0,0,0,0,0,0,0,0,1,0,0,0,0,1,0,0,0,0,0,0,0,0,0,1,0,0,0,0,0,0,0,1,0,0,0,0,0,1,0,1,0,1,0,0,0,0,0,0,1,1.0,1.0,6.0,0.23,0.18,0.07,0.8,0.7,0.9,0.9,0.7,1.1
Chamaedorea sartorii,1,0,0,0,0,0,0,0,0,0,0,0,0,0,0,0,0,0,0,0,0,0,0,0,0,0,0,0,0,0,0,1,0,0,0,0,0,0,0,0,0,0,0,0,0,1,0,1,0,0,0,0,1,0,0,0,1,4.0,1.6,6.0,0.95,0.5,0.5,1.05,0.9,1.2,0.75,0.7,0.8
Chamaedorea simplex,1,0,0,0,0,0,0,0,0,0,0,0,0,0,0,0,0,0,0,0,0,0,0,0,0,0,0,0,0,0,0,1,0,0,0,0,0,0,0,0,0,0,0,0,0,1,0,1,0,0,0,0,1,0,0,0,1,1.0,1.2,6.0,0.19,0.05,0.16,1.05,0.9,1.2,0.825,0.75,0.9
Chamaedorea tepejilote,1,1,0,0,0,0,0,0,0,1,0,0,0,0,0,0,0,0,0,0,0,0,0,0,0,0,0,0,0,0,0,1,0,0,0,0,0,0,0,0,0,0,0,0,1,0,0,1,0,0,0,0,0,1,0,0,1,7.0,10.0,7.0,2.0,1.4,0.65,1.5,1.0,2.0,0.75,0.7,0.8
Chamaedorea tuerckheimii,1,0,0,0,0,0,0,0,0,0,0,0,0,0,0,0,0,0,0,0,0,0,0,0,0,0,0,0,0,0,0,1,0,0,0,0,0,0,0,0,0,0,0,0,0,1,0,1,0,0,0,0,1,0,0,0,1,1.0,0.7,12.0,0.25,0.2,0.07,1.0,0.8,1.2,0.75,0.6,0.9
Chamaedorea warscewiczii,1,0,0,0,0,0,0,0,0,0,0,0,0,0,0,0,0,0,0,0,0,0,0,0,0,0,0,0,0,0,0,1,0,0,0,0,0,0,0,0,0,0,0,0,0,1,0,1,0,0,0,0,1,0,0,0,1,4.0,3.5,8.0,1.0,0.5,0.55,1.3,1.2,1.3,0.7,0.9,1.0
Cocos nucifera,0,0,0,1,0,0,0,0,0,1,0,0,0,0,0,0,0,0,0,0,0,0,0,0,1,0,0,0,0,0,1,0,0,1,1,0,0,0,0,0,0,0,0,0,1,0,1,0,0,0,0,1,0,0,0,0,1,35.0,40.0,20.0,8.3,7.5,1.35,22.5,10.0,35.0,14.0,8.0,20.0
Cryosophila stauracantha,0,0,0,0,0,0,0,0,0,0,0,0,0,0,0,0,0,0,0,0,0,0,0,0,0,0,0,1,0,0,0,0,0,0,0,0,0,0,0,0,0,1,0,0,1,0,0,1,0,0,0,0,1,0,0,0,1,10.0,12.0,26.0,1.5,1.2,1.35,1.25,1.1,1.4,1.25,1.1,1.4
Cryosophila warscewiczii,0,0,0,0,0,0,0,0,0,0,0,0,0,0,0,0,0,0,0,0,0,0,0,0,0,0,0,1,0,0,0,0,0,0,0,0,0,0,0,0,0,1,0,0,1,0,0,1,0,0,0,0,0,0,0,0,1,12.0,15.0,27.0,1.5,2.0,2.6,2.3,2.0,2.6,2.05,1.8,2.3
Cyphokentia cerifera,0,0,0,0,0,0,0,0,0,0,0,0,0,0,0,0,1,0,0,0,0,0,0,1,0,0,0,0,0,0,0,0,0,0,0,0,0,1,0,0,1,0,0,0,1,0,0,1,0,0,0,0,0,0,0,1,0,20.0,18.0,10.0,2.02,1.8,0.24,1.2,1.1,1.3,1.3,1.2,1.4
Cyphophoenix elegans,0,0,0,0,0,0,0,0,0,1,0,0,0,0,0,0,0,0,0,0,0,0,0,0,0,0,0,0,0,0,0,0,0,0,1,0,0,0,0,0,0,0,0,0,1,0,0,1,0,0,0,0,0,0,0,0,1,15.0,14.0,10.0,2.5,2.0,0.55,1.95,1.9,2.0,1.35,1.3,1.4
Cyrtostachys elegans,1,0,0,0,0,0,0,0,0,1,0,0,0,0,0,0,0,0,0,0,0,0,0,0,0,0,0,0,0,0,0,1,0,0,1,0,0,0,0,0,0,0,0,0,1,0,0,1,1,0,0,0,0,0,0,0,1,20.0,30.0,9.0,3.5,3.5,0.1,1.45,1.2,1.7,0.55,0.5,0.6
Cyrtostachys glauca,1,0,0,0,0,0,0,0,0,0,0,0,0,0,0,0,0,0,0,0,0,1,0,0,0,0,0,0,0,0,0,1,0,0,0,0,0,0,0,1,0,0,0,0,1,0,0,1,1,0,0,0,0,0,0,0,1,21.6,15.0,8.0,4.1,4.1,0.8,1.0,0.9,1.2,0.5,0.4,0.6
Cyrtostachys loriae,1,0,0,0,0,0,0,0,0,1,0,0,0,0,0,0,0,0,0,0,0,0,0,0,0,0,0,0,0,0,0,1,0,0,1,0,0,0,0,0,0,0,0,0,1,0,0,1,1,0,0,0,0,0,0,0,1,30.0,30.0,14.0,4.8,4.8,1.15,1.2,0.8,1.6,0.45,0.4,0.5
Cyrtostachys renda,1,0,0,0,0,0,0,0,0,0,0,0,0,0,0,0,0,0,0,0,0,0,0,0,0,0,0,0,0,0,0,1,0,0,0,0,0,0,0,0,0,0,0,0,1,0,0,1,0,0,0,0,1,0,0,0,1,20.0,10.0,7.0,1.8,1.8,0.5,0.9,0.7,1.0,0.5,0.4,0.7
Daemonorops scapigera,1,0,0,0,0,0,0,0,0,0,0,0,0,0,0,0,0,0,0,0,0,0,1,0,0,0,0,0,0,0,0,0,0,0,0,0,0,0,0,0,0,0,0,0,0,1,0,1,0,0,0,0,1,0,0,0,1,3.5,4.0,15.0,2.0,2.0,0.33,2.6,2.2,3.0,2.45,1.9,3.0
Desmoncus giganteus,0,0,0,0,0,0,0,0,0,0,0,0,0,0,0,0,0,0,0,0,0,0,0,1,0,0,0,0,0,0,0,0,0,0,0,0,0,0,0,0,1,0,0,0,1,0,0,1,0,0,0,0,1,0,0,1,0,50.0,5.0,50.0,2.47,2.15,0.35,3.62,2.15,4.26,1.66,1.27,1.83
Desmoncus mitis,0,0,0,0,0,0,0,0,0,1,0,0,0,0,0,0,0,0,0,0,0,0,0,1,0,0,0,0,0,0,1,0,0,0,1,0,0,0,0,0,1,0,0,0,1,0,0,1,1,0,0,0,0,0,0,1,0,10.0,1.1,30.0,0.94,0.8,0.16,1.23,0.89,1.57,0.7,0.55,1.09
Desmoncus orthacanthos,0,0,0,0,0,0,0,0,0,0,0,0,0,0,0,0,1,0,0,0,0,0,0,1,0,0,0,0,0,1,0,0,0,0,0,0,0,1,0,0,1,0,1,0,1,0,0,1,0,0,0,1,0,0,0,1,0,20.0,3.0,50.0,2.25,2.07,0.2,1.49,1.14,1.84,1.42,0.84,2.0
Desmoncus polyacanthos,0,0,0,0,0,0,0,0,0,0,0,0,0,0,0,0,1,0,0,0,0,0,0,1,0,0,0,0,0,0,0,0,0,0,0,0,0,1,0,0,1,0,0,0,1,0,0,1,0,0,0,1,0,0,0,1,0,37.0,3.5,25.0,1.91,1.73,0.2,1.694362745,1.12,2.35,1.193598039,0.79,1.79
Desmoncus stans,0,0,0,0,0,0,0,0,0,0,0,0,0,0,0,0,1,0,0,0,0,0,0,0,0,0,0,0,0,0,0,0,0,0,0,0,0,1,0,0,0,0,0,1,0,0,0,1,0,0,0,1,0,0,0,1,0,2.5,1.0,7.0,0.405,0.28,0.15,1.33,1.28,1.37,1.07875,0.95,1.11
Dictyocaryum fuscum,0,0,0,0,0,0,0,0,0,0,1,0,0,0,0,0,0,0,0,0,0,0,0,0,0,0,0,0,0,1,0,0,0,0,0,0,0,0,0,0,0,0,1,0,1,0,0,1,0,0,0,0,0,0,0,1,0,22.0,20.0,6.0,2.7,2.5,0.22,3.25,3.0,3.5,2.5,2.0,3.0
Dictyocaryum ptarianum,0,0,0,1,0,0,0,0,0,0,1,0,0,0,0,0,0,0,0,0,0,0,0,0,0,0,0,0,0,1,1,0,0,1,0,0,0,0,0,0,0,0,1,0,1,0,0,1,0,0,0,1,0,0,0,1,0,20.0,20.0,5.0,3.5,3.0,0.55,3.25,3.0,3.5,2.75,2.0,3.5
Dransfieldia micrantha,1,0,0,0,0,0,0,0,0,0,0,0,0,0,0,0,0,0,0,0,0,0,0,0,0,0,0,0,0,0,0,1,0,0,0,0,0,0,0,0,0,0,0,0,1,0,0,1,0,0,0,1,0,0,0,0,1,10.0,5.0,8.0,2.0,1.8,0.81,1.545,1.5,1.59,0.85,0.76,0.95
Drymophloeus litigiosus,0,0,0,0,0,0,0,0,0,0,0,0,0,0,0,0,0,0,0,0,0,0,0,1,0,0,0,0,0,1,0,0,0,0,0,0,0,0,0,0,1,0,1,0,0,1,0,1,0,0,0,1,0,0,0,1,0,5.0,3.0,9.0,1.6,1.6,0.48,1.7,1.36,2.34,1.05,0.58,1.3
Drymophloeus oliviformis,0,0,0,0,0,0,0,0,0,0,0,0,0,0,0,0,0,0,0,0,0,0,0,1,0,0,0,0,0,0,0,0,0,0,0,0,0,0,0,0,1,0,0,0,0,1,0,1,0,0,0,0,0,1,0,1,0,4.0,7.0,7.0,1.4,1.1,0.61,1.7,1.06,2.35,0.8,0.55,1.19
Dypsis acuminum,0,0,0,0,0,0,0,0,0,0,0,0,0,0,0,0,1,0,0,0,0,0,0,0,0,0,0,0,0,0,0,0,0,0,0,0,0,1,0,0,0,0,0,0,1,0,0,1,0,0,0,0,0,0,0,1,0,6.0,8.0,6.0,1.5,1.34,0.18,0.95,0.9,1.0,0.65,0.6,0.7
Dypsis ambilaensis,0,0,0,0,0,0,0,0,0,0,0,0,0,0,0,0,0,0,0,0,0,0,0,1,0,0,0,0,0,0,0,0,0,0,0,0,0,0,0,0,1,0,0,0,0,1,0,1,0,0,0,0,0,0,0,1,0,3.0,0.8,8.0,0.4,0.33,0.09,1.25,1.0,1.5,0.475,0.45,0.5
Dypsis andapae,0,0,0,0,0,0,0,0,0,0,0,0,0,0,0,0,1,0,0,0,0,0,0,0,0,0,0,0,0,0,0,0,0,0,0,0,0,1,0,0,0,0,0,0,0,1,0,1,0,0,0,0,1,0,0,1,0,1.2,1.2,10.0,0.48,0.22,0.29,1.2,1.1,1.3,0.725,0.7,0.75
Dypsis andrianatonga,0,0,0,0,0,0,0,0,0,1,0,0,0,0,0,0,0,0,0,0,0,0,0,0,0,0,0,0,0,0,0,0,0,0,1,0,0,0,0,0,0,0,0,0,1,0,0,1,0,0,0,0,1,0,0,0,1,9.0,2.5,5.0,1.6,1.28,0.35,1.45,0.9,2.0,1.1,0.7,1.5
Dypsis antanambensis,0,0,0,0,0,0,0,0,0,0,0,0,0,0,0,0,0,0,0,0,0,0,0,0,0,0,0,0,0,0,0,0,0,0,0,0,0,0,0,0,0,0,0,0,0,1,0,1,0,0,0,0,1,0,0,0,0,4.0,12.0,12.0,3.16,2.5,0.71,2.0,1.5,2.5,2.0,1.2,1.8
Dypsis arenarum,0,0,0,0,0,0,0,0,0,0,0,0,0,0,0,0,0,0,0,0,0,0,0,0,0,0,0,0,0,0,0,0,0,0,0,0,0,0,0,0,0,0,0,0,1,0,0,1,0,0,0,0,0,0,0,0,0,6.0,6.5,10.0,2.42,1.7,0.77,1.1,1.0,1.2,1.0,0.8,1.2
Dypsis baronii,0,0,0,0,0,0,0,0,0,0,0,0,0,0,0,0,0,0,0,0,0,0,0,0,0,0,0,0,0,1,0,0,0,0,0,0,0,0,0,0,0,0,1,0,1,0,0,1,0,0,0,0,0,0,0,1,0,8.0,12.0,8.0,1.73,1.2,0.58,1.5,1.0,2.0,1.2,0.8,1.6
Dypsis bejofo,0,0,0,0,0,0,0,0,0,1,0,0,0,0,0,0,0,0,0,0,0,0,0,0,0,0,0,0,0,0,0,0,0,0,1,0,0,0,0,0,0,0,0,0,1,0,0,1,0,0,0,1,0,0,0,0,1,25.0,40.0,10.0,6.34,6.0,0.39,2.5,2.0,3.0,2.15,1.8,2.5
Dypsis cabadae,0,0,0,0,0,0,0,0,0,0,0,0,0,0,0,0,0,0,0,0,0,0,0,0,0,0,0,0,0,0,0,0,0,0,0,0,0,0,0,0,1,0,0,0,1,0,0,1,0,0,0,1,0,0,0,1,0,10.0,9.0,10.0,2.03,1.7,0.38,1.05,0.9,1.2,0.5,0.4,0.6
Dypsis catatiana,0,0,0,0,0,0,0,0,0,0,0,0,0,0,0,0,0,0,0,0,0,0,0,1,0,0,0,0,0,0,0,0,0,0,0,0,0,0,0,0,1,0,0,0,0,1,0,1,0,0,0,0,1,0,0,1,0,1.0,0.9,10.0,0.32,0.22,0.12,1.25,1.0,1.5,0.725,0.5,0.95
Dypsis caudata,0,0,0,0,0,0,0,0,0,0,0,0,0,0,0,0,1,0,0,0,0,0,0,0,0,0,0,0,0,0,0,0,0,0,0,0,0,1,0,0,0,0,0,0,0,1,0,1,0,0,0,0,0,0,0,1,0,3.0,1.5,11.0,0.66,0.46,0.22,0.95,0.8,1.1,0.425,0.35,0.5
Dypsis concinna,0,0,0,0,0,0,0,0,0,0,0,0,0,0,0,0,0,0,0,0,0,0,0,1,0,0,0,0,0,0,0,0,0,0,0,0,0,0,0,0,1,0,0,0,0,1,0,1,0,0,0,0,1,0,0,1,0,2.0,0.8,12.0,0.38,0.29,0.11,1.1,0.6,1.6,0.525,0.35,0.7
Dypsis confusa,0,0,0,0,0,0,0,0,0,0,0,0,0,0,0,0,1,0,0,0,0,0,0,1,0,0,0,0,0,0,0,0,0,0,0,0,0,1,0,0,1,0,0,0,1,0,0,1,0,0,0,1,0,0,0,1,0,7.0,4.0,8.0,1.18,0.86,0.35,0.8,0.6,1.0,0.4,0.3,0.5
Dypsis coriacea,0,0,0,0,0,0,0,0,0,0,0,0,0,0,0,0,0,0,0,0,0,0,0,1,0,0,0,0,0,0,0,0,0,0,0,0,0,0,0,0,1,0,0,0,0,1,0,1,0,0,0,0,0,0,0,1,0,2.0,1.0,9.0,0.41,0.29,0.14,1.3,1.1,1.5,0.675,0.45,0.9
Dypsis corniculata,0,0,0,0,0,0,0,0,0,0,0,0,0,0,0,0,0,0,0,0,0,0,0,1,0,0,0,0,0,0,0,0,0,0,0,0,0,0,0,0,1,0,0,0,1,0,0,1,0,0,0,0,0,0,0,1,0,6.0,2.0,10.0,0.475,0.4,0.1,1.1,1.0,1.2,0.475,0.4,0.55
Dypsis coursii,0,0,0,1,0,0,0,0,0,1,0,0,0,0,0,0,1,0,0,0,0,0,0,0,0,0,0,0,0,0,0,0,0,1,1,0,0,0,0,0,0,0,0,0,1,0,0,1,0,0,0,0,1,0,0,0,1,8.0,18.0,4.0,1.27,1.0,0.3,2.75,2.0,3.5,2.0,1.5,2.5
Dypsis decaryi,0,0,0,0,0,0,0,0,0,1,0,0,0,0,0,0,0,0,0,0,0,0,0,0,0,0,0,0,0,0,0,0,0,0,1,0,0,0,0,0,0,0,0,0,1,0,0,1,0,0,0,1,0,0,0,0,1,7.0,40.0,24.0,3.5,3.0,0.55,1.85,1.5,2.2,1.6,1.2,2.0
Dypsis decipiens,0,0,0,0,0,0,0,0,0,0,0,0,0,0,0,0,0,0,0,0,0,0,0,0,0,0,0,0,0,0,0,0,0,0,0,0,0,0,0,0,0,0,0,0,1,0,0,1,0,0,0,0,0,0,0,0,0,20.0,40.0,12.0,2.45,2.2,0.28,2.35,2.2,2.5,2.1,2.0,2.2
Dypsis digitata,0,0,0,0,0,0,0,0,0,0,0,0,0,0,0,0,0,0,0,0,0,0,0,1,0,0,0,0,0,0,0,0,0,0,0,0,0,0,0,0,1,0,0,0,0,1,0,1,0,0,0,0,0,0,0,1,0,0.4,1.5,13.0,0.41,0.11,0.33,1.2,1.1,1.3,0.65,0.5,0.8
Dypsis dransfieldii,0,0,0,0,0,0,0,0,0,0,0,0,0,0,0,0,0,0,0,0,0,0,0,0,0,0,0,0,0,0,0,0,0,0,0,0,0,0,0,0,0,0,0,0,1,0,0,1,0,0,0,1,0,0,0,0,0,8.0,8.0,12.0,2.0,1.7,0.33,1.75,1.5,2.0,1.3,1.2,1.4
Dypsis glabrescens,0,0,0,0,0,0,0,0,0,0,0,0,0,0,0,0,0,0,0,0,0,0,0,1,0,0,0,0,0,0,0,0,0,0,0,0,0,0,0,0,1,0,0,0,0,1,0,1,0,0,0,0,0,0,0,1,0,2.0,1.0,6.0,0.31,0.19,0.14,1.65,1.3,2.0,1.05,1.0,1.1
Dypsis heteromorpha,0,0,0,0,0,0,0,0,0,0,0,0,0,0,0,0,0,0,0,0,0,0,0,0,0,0,0,0,0,0,0,0,0,0,0,0,0,0,0,0,0,0,0,0,1,0,0,1,0,0,0,0,0,0,0,0,0,12.0,12.0,10.0,1.85,1.5,0.4,2.0,1.7,2.3,1.8,1.4,2.2
Dypsis heterophylla,0,0,0,0,0,0,0,0,0,0,0,0,0,0,0,0,1,0,0,0,0,0,0,1,0,0,0,0,0,1,0,0,0,0,0,0,0,1,0,0,1,0,1,0,0,1,0,1,0,0,0,0,1,0,0,1,0,2.5,0.8,9.0,0.4,0.28,0.14,0.565,0.5,0.63,0.45,0.4,0.5
Dypsis hiarakae,0,0,0,0,0,0,0,0,0,0,0,0,0,0,0,0,0,0,0,0,0,0,0,1,0,0,0,0,0,0,0,0,0,0,0,0,0,0,0,0,1,0,0,0,1,0,0,1,0,0,0,1,0,0,0,1,0,6.0,2.5,9.0,0.84,0.67,0.19,0.95,0.9,1.0,0.475,0.45,0.5
Dypsis jumelleana,0,0,0,0,0,0,0,0,0,0,0,0,0,0,0,0,0,0,0,0,0,0,0,1,0,0,0,0,0,0,0,0,0,0,0,0,0,0,0,0,1,0,0,0,0,1,0,1,0,0,0,0,0,0,0,1,0,4.0,1.5,8.0,0.71,0.56,0.17,1.05,0.9,1.2,1.05,0.9,1.2
Dypsis lastelliana,0,0,0,0,0,0,0,0,0,0,0,0,0,0,0,0,0,0,0,0,0,0,0,0,0,0,0,0,0,0,0,0,0,0,0,0,0,0,0,0,0,0,0,0,1,0,0,1,0,0,0,0,0,0,0,0,0,15.0,25.0,15.0,3.9,3.8,0.12,2.1,1.8,2.4,1.5,1.2,1.7
Dypsis linearis,0,0,0,0,0,0,0,0,0,0,0,0,0,0,0,0,0,0,0,0,0,0,0,1,0,0,0,0,0,1,0,0,0,0,0,0,0,0,0,0,1,0,1,0,1,0,0,1,0,0,0,1,0,0,0,1,0,7.0,4.0,8.0,0.85,0.7,0.17,0.75,0.6,0.9,0.5,0.4,0.6
Dypsis lutescens,0,0,0,0,0,0,0,0,0,0,0,0,0,0,0,0,0,0,0,0,0,0,0,0,0,0,0,0,0,1,0,0,0,0,0,0,0,0,0,0,0,0,1,0,1,0,0,1,0,0,0,1,0,0,0,1,0,7.0,12.0,11.0,2.27,1.9,0.42,1.5,1.2,1.8,0.85,0.7,1.0
Dypsis malcomberi,0,0,0,0,0,0,0,0,0,0,0,0,0,0,0,0,1,0,0,0,0,0,0,0,0,0,0,0,0,0,0,0,0,0,0,0,0,1,0,0,0,0,0,0,1,0,0,1,0,0,0,1,0,0,0,1,0,25.0,35.0,8.0,4.5,4.0,0.55,0.9,0.8,1.0,0.55,0.4,0.7
Dypsis mananjarensis,0,0,0,0,0,0,0,0,0,0,0,0,0,0,0,0,0,0,0,0,0,0,0,0,0,0,0,0,0,0,1,0,0,0,0,0,0,0,0,0,0,0,1,0,1,0,0,1,0,0,0,0,1,0,0,0,1,25.0,29.0,10.0,3.62,3.5,0.14,0.5,0.4,0.6,0.5,0.4,0.6
Dypsis marojejyi,0,0,0,0,0,0,0,0,0,1,0,0,0,0,0,0,0,0,0,0,0,0,0,0,0,0,0,0,0,1,0,0,0,0,1,0,0,0,0,0,0,0,0,0,1,0,0,1,0,0,0,0,1,0,0,0,1,6.0,1.0,20.0,4.1,1.4,0.12,2.35,2.2,2.5,1.6,1.4,1.8
Dypsis mcdonaldiana,0,0,0,0,0,0,0,0,0,0,0,0,0,0,0,0,0,0,0,0,0,0,0,1,0,0,0,0,0,0,0,0,0,0,0,0,0,0,0,0,1,0,0,0,0,1,0,1,0,0,0,0,1,0,0,1,0,5.0,3.0,10.0,1.0,0.9,0.12,0.75,0.6,0.9,0.35,0.3,0.4
Dypsis minuta,0,0,0,0,0,0,0,0,0,0,0,0,0,0,0,0,0,0,0,0,0,0,0,1,0,0,0,0,0,0,0,0,0,0,0,0,0,0,0,0,1,0,0,0,0,1,0,1,0,0,0,1,0,0,0,1,0,0.5,0.5,8.0,0.33,0.06,0.3,1.45,1.4,1.5,0.4,0.3,0.5
Dypsis nodifera,0,0,0,0,0,0,0,0,0,1,0,0,0,0,0,0,0,0,0,0,0,0,0,0,0,0,0,0,0,0,0,0,0,0,1,0,0,0,0,0,0,0,0,0,1,0,0,1,0,0,0,0,1,0,0,0,1,10.0,6.0,12.0,1.03,0.75,0.31,0.9,0.8,1.0,0.65,0.5,0.8
Dypsis ovobontsira,0,0,0,0,0,0,0,0,0,1,0,0,0,0,0,0,0,0,0,0,0,0,0,0,0,0,0,0,0,0,0,0,0,0,1,0,0,0,0,0,0,0,0,0,1,0,0,1,0,0,0,0,1,0,0,0,1,10.0,13.0,6.0,3.07,2.6,0.52,1.6,1.5,1.7,1.4,1.3,1.5
Dypsis perrieri,0,0,0,1,0,0,0,0,0,0,1,0,0,0,0,0,0,0,0,0,0,0,0,0,0,0,0,0,0,0,0,0,0,1,0,0,0,0,0,0,0,0,0,0,1,0,0,1,0,0,0,1,0,0,0,0,1,15.0,30.0,20.0,6.5,5.0,1.55,1.7,1.5,1.9,1.4,1.2,1.6
Dypsis pilulifera,0,0,0,0,0,0,0,0,0,0,0,0,0,0,0,0,0,0,0,0,0,0,0,0,0,0,0,0,0,0,0,0,0,0,0,0,0,0,0,0,0,0,0,0,1,0,0,1,0,0,0,0,0,0,0,0,0,30.0,40.0,9.0,5.4,5.0,0.45,0.6,0.5,0.7,0.6,0.5,0.7
Dypsis prestoniana,0,0,0,0,0,0,0,0,0,0,0,0,0,0,0,0,1,0,0,0,0,0,0,0,0,0,0,0,0,0,0,0,0,0,0,0,0,1,0,0,0,0,0,0,1,0,0,1,0,0,0,1,0,0,0,1,0,12.0,40.0,10.0,4.57,4.4,0.19,1.35,1.2,1.5,0.7,0.6,0.8
Dypsis procumbens,0,0,0,0,0,0,0,0,0,0,0,0,0,0,0,0,0,0,0,0,0,0,0,1,0,0,0,0,0,1,0,0,0,0,0,0,0,0,0,0,1,0,1,0,1,0,0,1,0,0,0,1,0,0,0,1,0,7.0,4.0,8.0,0.86,0.7,0.18,0.75,0.6,0.9,0.5,0.4,0.6
Dypsis pusilla,1,0,0,0,0,0,0,0,0,0,0,0,0,0,0,0,0,0,0,0,0,1,0,0,0,0,0,0,0,0,0,1,0,0,0,0,0,0,0,1,0,0,0,0,0,1,0,1,0,0,0,1,0,0,0,0,1,2.0,5.0,16.0,2.0,0.94,1.11,1.6,1.3,1.9,1.2,0.9,1.5
Dypsis schatzii,0,0,0,0,0,0,0,0,0,0,0,0,0,0,0,0,0,0,0,1,0,0,0,1,0,0,0,0,0,0,0,0,0,0,0,0,0,0,0,0,1,0,0,0,0,1,0,1,0,0,0,0,0,0,0,1,0,3.0,1.0,13.0,0.32,0.22,0.12,1.35,1.3,1.4,0.5,0.4,0.6
Dypsis scottiana,0,0,0,0,0,0,0,0,0,0,0,0,0,0,0,0,0,0,0,0,0,0,0,1,0,0,0,0,0,0,0,0,0,0,0,0,0,0,0,0,1,0,0,0,0,1,0,1,0,0,0,0,0,0,0,1,0,4.0,2.0,7.0,0.96,0.66,0.33,0.85,0.6,1.1,0.5,0.35,0.65
Dypsis serpentina,0,0,0,0,0,0,0,0,0,0,0,0,0,0,0,0,0,0,0,0,0,0,1,0,0,0,0,0,0,0,0,0,0,0,0,0,0,0,0,1,0,0,0,0,1,0,0,1,0,0,0,1,0,0,0,0,1,6.0,4.0,6.0,1.95,1.2,0.8,1.3,1.2,1.4,0.95,0.9,1.0
Dypsis tenuissima,0,0,0,0,0,0,0,0,0,1,0,0,0,0,0,0,0,0,0,0,0,0,0,0,0,0,0,1,0,0,0,0,0,0,1,0,0,0,0,0,0,1,0,0,0,1,0,1,0,0,0,1,0,0,0,0,1,0.5,0.4,11.0,0.6,0.19,0.46,0.975,0.95,1.0,0.525,0.5,0.55
Dypsis thiryana,0,0,0,0,0,0,0,0,0,0,0,0,0,0,0,0,0,0,0,0,0,0,0,1,0,0,0,0,0,0,0,0,0,0,0,0,0,0,0,0,1,0,0,0,0,1,0,1,0,0,0,1,0,0,0,1,0,1.0,0.6,10.0,0.48,0.3,0.2,1.0,0.9,1.1,0.4,0.3,0.5
Dypsis tokoravina,0,0,0,0,0,0,0,0,0,0,0,0,0,0,0,0,0,0,0,0,0,0,0,0,0,0,0,0,0,0,0,0,0,0,0,0,0,0,0,0,0,0,0,0,1,0,0,1,0,0,0,0,1,0,0,0,0,20.0,60.0,14.0,2.7,2.14,0.61,1.75,1.5,2.0,1.2,1.1,1.3
Dypsis utilis,1,0,0,1,0,0,0,0,0,1,0,0,0,0,0,0,0,0,0,0,0,0,1,0,0,0,0,0,0,0,0,1,0,1,1,0,0,0,0,0,0,0,0,0,1,0,0,1,0,0,0,0,1,0,0,0,1,17.0,37.0,15.0,4.3,3.8,0.55,2.25,1.7,2.8,1.7,1.4,2.0
Elaeis oleifera,0,0,0,0,0,0,0,0,0,0,0,0,0,0,0,0,1,0,0,0,0,0,0,1,0,0,0,0,0,1,0,0,0,0,0,0,0,1,0,0,1,0,1,0,1,0,0,1,0,0,0,1,0,0,0,1,0,6.0,40.0,40.0,11.3,8.3,2.75,2.75,2.5,3.0,1.9,1.8,2.0
Euterpe catinga,1,0,0,0,0,0,0,0,0,0,0,0,0,0,0,0,0,0,0,0,0,1,0,0,0,0,0,0,0,0,0,1,0,0,0,0,0,0,0,1,0,0,0,0,1,0,0,1,0,0,0,0,1,0,0,0,1,20.0,15.0,11.0,3.0,2.5,0.55,1.05,0.8,1.3,1.05,0.8,1.3
Euterpe oleracea,0,0,0,0,0,0,0,0,0,0,0,0,0,0,0,0,0,0,0,0,0,1,0,0,0,0,0,0,0,0,0,1,0,0,0,0,0,0,0,1,0,0,0,0,1,0,0,1,0,0,0,0,0,1,0,0,1,20.0,20.0,14.0,4.3,3.7,0.65,1.5,1.0,2.0,1.5,1.0,2.0
Gaussia maya,0,0,0,0,0,0,0,0,0,0,0,0,0,0,0,0,0,0,0,0,0,0,0,1,0,0,0,0,0,0,0,0,0,0,0,0,0,0,0,0,1,0,0,0,1,0,0,1,0,0,0,0,0,0,0,1,0,20.0,15.0,8.0,3.8,2.62,1.23,1.25,1.0,1.5,1.25,1.0,1.5
Geonoma aspidiifolia,1,0,0,0,0,0,0,0,0,0,1,0,0,0,0,0,0,0,0,0,0,0,0,0,0,0,0,0,0,0,0,1,0,0,0,0,0,0,0,0,0,0,0,0,0,1,0,1,0,0,0,0,1,0,0,0,1,3.0,1.6,12.0,0.68,0.38,0.33,0.95,0.79,1.12,0.61,0.5,0.78
Geonoma baculifera,1,0,0,0,0,0,0,0,0,0,0,0,0,0,0,0,0,0,0,0,0,0,0,0,0,0,0,0,0,0,0,1,0,0,0,0,0,0,0,0,0,0,0,0,0,1,0,1,0,0,0,1,0,0,0,0,1,4.0,3.0,12.0,1.1,0.8,0.33,1.06,0.82,1.28,0.715375,0.5,0.96
Geonoma brenesii,0,0,0,0,0,0,0,0,0,0,0,0,0,0,0,0,0,0,0,0,0,0,0,0,0,0,0,0,0,0,0,0,0,0,0,0,0,0,0,0,0,0,0,0,0,1,0,1,0,0,0,1,0,0,0,0,0,0.4,1.2,11.0,0.68,0.3,0.43,0.73,0.69,0.76,0.61,0.6,0.62
Geonoma camana,1,0,1,0,0,0,0,0,0,1,0,0,0,0,0,0,0,0,0,0,0,0,0,0,0,0,0,0,0,0,0,1,0,0,1,0,0,0,0,0,0,0,0,0,0,1,0,1,0,0,0,1,0,0,0,0,1,2.0,4.0,14.0,1.0,1.37,1.45,1.07,0.87,1.35,0.694090909,0.6,0.89
Geonoma chococola,1,0,0,0,0,0,0,0,0,0,0,0,0,0,0,0,0,0,0,0,0,0,0,0,0,0,0,0,0,0,0,1,0,0,0,0,0,0,0,0,0,0,0,0,0,1,0,1,0,0,0,1,0,0,0,0,1,3.0,5.0,21.0,1.98,1.37,0.66,1.89,1.48,2.49,1.570526316,1.13,1.78
Geonoma concinna,1,0,0,0,0,0,0,0,0,0,0,0,0,0,0,0,0,0,0,0,0,0,0,0,0,0,0,0,0,0,0,1,0,0,0,0,0,0,0,0,0,0,0,0,0,1,0,1,0,0,0,0,0,0,0,0,1,3.5,1.2,11.0,0.49,0.4,0.11,0.77,0.6,0.83,0.67,0.61,0.73
Geonoma congesta,1,0,0,0,0,0,0,0,0,0,0,0,0,0,0,0,0,0,0,0,0,0,0,0,0,0,0,0,0,0,0,1,0,0,0,0,0,0,0,0,0,0,0,0,1,0,0,1,0,0,0,0,0,0,0,0,1,8.0,4.0,15.0,1.83,1.32,0.56,1.24,0.97,1.52,0.97625,0.81,1.17
Geonoma cuneata,1,0,0,0,0,0,0,0,0,0,0,0,0,0,0,0,0,0,0,0,0,0,0,0,0,0,0,0,0,0,0,1,0,0,0,0,0,0,0,0,0,0,0,0,0,1,0,1,0,0,0,1,0,0,0,0,1,3.0,3.4,17.0,1.2,2.5,0.54,0.76,0.5,1.16,0.539259259,0.44,0.65
Geonoma deversa,1,0,0,0,0,0,0,0,0,0,0,0,0,0,0,0,0,0,0,0,0,0,1,0,0,0,0,0,0,0,0,1,0,0,0,0,0,0,0,0,0,0,0,0,1,0,0,1,0,1,0,0,0,0,0,0,1,7.0,3.0,18.0,1.75,0.93,0.95,0.66,0.44,0.81,0.566756757,0.44,0.74
Geonoma epetiolata,1,0,0,0,0,0,0,0,0,0,0,0,0,0,0,0,0,0,0,0,0,0,0,0,0,0,0,0,0,0,0,1,0,0,0,0,0,0,0,0,0,0,0,0,0,1,0,1,0,0,0,0,0,0,0,0,1,3.0,1.1,10.0,0.6,0.51,0.11,0.86,0.73,0.99,0.51,0.47,0.53
Geonoma ferruginea,1,0,0,0,0,0,0,0,0,0,0,0,0,0,0,0,0,0,0,0,0,0,0,0,0,0,0,0,0,0,0,1,0,0,0,0,0,0,0,0,0,0,0,0,0,1,0,1,0,0,0,0,1,0,0,0,1,5.0,2.5,9.0,0.98,0.53,0.5,0.69,0.52,0.93,0.536875,0.42,0.73
Geonoma hugonis,0,0,0,0,0,0,0,0,0,0,0,0,0,0,0,0,0,0,0,0,0,0,0,0,0,0,0,0,0,0,0,0,0,0,0,0,0,0,0,0,0,0,0,0,0,1,0,1,0,0,0,1,0,0,0,0,0,1.2,0.8,12.0,0.32,0.2,0.14,0.62,0.54,0.69,0.54,0.47,0.63
Geonoma interrupta,1,0,0,0,0,0,0,0,0,0,0,0,0,0,0,0,0,0,0,0,0,0,0,0,0,0,0,0,0,0,0,1,0,0,0,0,0,0,0,0,0,0,0,0,1,0,0,1,0,0,0,0,1,0,0,0,1,8.0,12.0,24.0,3.1,2.0,1.15,0.58,0.3,0.75,0.4575,0.36,0.63
Geonoma laxiflora,1,0,0,0,0,0,0,0,0,0,0,0,0,0,0,0,0,0,0,0,0,0,0,0,0,0,0,0,0,0,0,1,0,0,0,0,0,0,0,0,0,0,0,0,0,1,0,1,0,0,0,1,0,0,0,0,1,5.0,1.3,10.0,0.495,0.36,0.16,0.78,0.58,1.0,0.62,0.5,0.74
Geonoma leptospadix,1,0,0,0,0,0,0,0,0,0,0,0,0,0,0,0,0,0,0,0,0,1,0,0,0,0,0,0,0,0,0,1,0,0,0,0,0,0,0,1,0,0,0,0,0,1,0,1,0,0,0,1,0,0,0,0,1,2.0,1.0,17.0,0.71,0.43,0.31,0.8,0.7,0.94,0.716190476,0.6,0.78
Geonoma longipedunculata,1,0,0,0,0,0,0,0,0,0,0,0,0,0,0,0,0,0,0,0,0,0,0,0,0,0,0,0,0,0,0,1,0,0,0,0,0,0,0,0,0,0,0,0,0,1,0,1,0,0,0,0,0,1,0,0,1,1.0,4.0,13.0,1.425,0.65,0.83,0.6,0.59,0.61,0.46,0.4,0.52
Geonoma longivaginata,1,0,0,0,0,0,0,0,0,0,0,0,0,0,0,0,0,0,1,0,0,0,0,0,0,0,0,0,0,0,0,1,0,0,0,0,0,0,0,0,0,0,0,0,0,1,0,1,0,0,0,1,0,0,0,0,1,5.0,2.1,10.0,1.59,1.01,0.1,0.65,0.51,0.79,0.53,0.43,0.63
Geonoma macrostachys,1,0,0,0,0,0,0,0,0,0,0,0,0,0,0,0,0,0,0,0,0,0,0,0,0,0,0,0,0,0,0,1,0,0,0,0,0,0,0,0,0,0,0,0,0,1,0,1,0,0,0,0,1,0,0,0,1,1.0,5.0,12.0,3.205,1.93,0.12,0.821714286,0.6,1.37,0.725,0.47,0.98
Geonoma maxima,1,0,0,0,0,0,0,0,0,1,0,0,0,0,0,0,0,0,0,0,0,0,0,0,0,0,0,0,0,1,0,1,0,0,1,0,0,0,0,0,0,0,1,0,1,0,0,1,0,0,0,1,0,0,0,1,0,9.0,5.0,20.0,2.2,1.2,0.2,1.113070866,0.5,1.82,0.823228347,0.5,1.3
Hydriastele costata,1,1,0,0,0,0,0,0,0,0,0,1,0,0,1,0,0,0,1,0,0,0,0,0,0,0,0,0,0,0,0,1,1,1,0,1,0,0,0,0,0,0,0,0,1,0,0,1,0,0,0,0,0,0,0,0,1,35.0,40.0,15.0,4.5,4.5,0.55,0.85,0.7,1.0,0.475,0.45,0.5
Hydriastele cylindrocarpa,0,0,0,0,0,0,0,0,0,0,0,0,0,0,0,0,0,0,0,0,0,0,0,0,0,0,0,0,0,0,1,0,0,0,0,0,0,0,0,0,0,0,1,0,1,0,0,1,0,0,0,0,1,0,0,0,1,27.0,15.0,18.0,2.75,2.5,0.33,1.25,1.2,1.3,0.55,0.5,0.6
Hydriastele flabellata,0,0,0,0,0,0,0,0,0,0,0,0,0,0,0,0,0,0,0,0,0,0,0,0,0,0,0,0,0,0,0,0,0,0,0,0,0,0,0,0,1,0,0,0,0,1,0,1,1,0,0,0,0,0,0,1,0,5.0,2.0,8.0,0.4,0.3,0.3,1.35,1.2,1.5,0.65,0.5,0.8
Hydriastele hombronii,0,0,0,0,0,0,0,0,0,0,0,0,0,0,0,0,0,0,0,0,0,0,0,1,0,0,0,0,0,0,0,0,0,0,0,0,0,0,0,0,1,0,0,0,1,0,0,1,0,0,0,0,1,0,0,1,0,20.0,28.0,20.0,1.8,1.8,0.33,1.55,1.4,1.7,0.625,0.6,0.65
Hydriastele longispatha,0,0,0,0,0,0,0,0,0,0,0,0,0,0,0,0,0,0,0,0,0,0,0,1,0,0,0,0,0,0,0,0,0,0,0,0,0,0,0,0,1,0,0,0,1,0,0,1,0,0,0,1,0,0,0,1,0,24.0,25.0,19.0,2.5,2.3,0.22,1.0,0.7,1.3,0.65,0.4,0.9
Hydriastele pinangoides,0,0,0,0,0,0,0,0,0,0,0,0,0,0,0,0,0,0,1,0,0,0,0,1,0,0,0,0,0,0,0,0,0,0,0,0,0,0,1,0,1,0,0,0,1,0,0,1,1,0,0,0,0,0,0,1,0,15.0,7.5,10.0,1.3,0.9,0.54,1.3,1.0,1.6,0.6,0.4,0.8
Hydriastele variabilis,0,0,0,0,0,0,0,0,0,0,0,0,0,0,0,0,0,0,0,0,0,0,0,1,0,0,0,0,0,0,0,0,0,0,0,0,0,0,0,0,1,0,0,0,1,0,0,1,0,0,0,1,0,0,0,1,0,8.0,4.0,7.0,1.4,1.1,0.3,1.1,1.0,1.2,0.7,0.63,0.78
Hydriastele wendlandiana,0,0,0,0,0,0,0,0,0,0,0,0,0,0,0,0,0,0,0,0,0,0,0,1,0,0,0,0,0,0,0,0,0,0,0,0,0,0,0,0,1,0,0,0,1,0,0,1,0,0,0,1,0,0,0,1,0,25.0,12.0,10.0,2.5,1.9,0.8,0.9,0.7,1.1,0.65,0.5,0.8
Hyophorbe indica,0,0,0,0,0,0,0,0,0,1,0,0,0,0,0,0,0,0,0,0,0,0,0,1,0,0,0,0,0,1,0,0,0,0,1,0,0,0,0,0,1,0,1,0,1,0,0,1,0,0,0,0,1,0,0,1,0,8.0,13.0,6.0,3.0,3.0,0.61,2.3,1.8,2.8,1.05,1.0,1.1
Hyospathe macrorhachis,1,0,0,0,0,0,0,0,0,0,0,0,0,0,0,0,0,0,0,0,0,0,0,0,0,0,0,0,0,0,0,1,0,0,0,0,0,0,0,0,0,0,0,0,0,1,0,1,0,0,0,0,0,0,0,0,1,2.0,3.0,10.0,1.2,0.7,0.43,0.93,0.66,1.2,0.65,0.4,0.9
Hyphaene compressa,0,0,0,1,0,0,0,0,0,0,0,0,0,0,0,0,0,0,0,0,0,0,0,0,0,0,0,0,0,0,0,0,0,1,0,0,0,0,0,0,0,0,0,0,1,0,1,0,0,0,0,0,0,0,0,0,1,20.0,40.0,15.0,1.5,2.5,1.25,8.5,7.0,10.0,6.5,5.0,8.0
Hyphaene coriacea,0,0,0,1,0,0,0,0,0,0,0,0,0,0,0,0,0,0,0,0,0,0,0,0,0,0,0,0,0,0,0,0,0,1,0,0,0,0,0,0,0,0,0,0,1,0,1,0,0,1,0,0,0,0,0,0,1,6.0,30.0,20.0,1.17,1.8,0.75,4.5,3.0,6.0,3.25,2.5,4.0
Iriartea deltoidea,1,0,1,0,0,0,0,0,0,0,1,0,0,0,0,0,0,0,0,0,0,0,0,0,0,0,0,0,0,1,0,1,0,0,0,0,0,0,0,0,0,0,1,0,1,0,0,1,0,0,0,1,0,0,0,1,0,30.0,70.0,7.0,5.55,4.7,0.97,2.35,2.0,2.7,2.5,2.0,3.0
Iriartella setigera,0,0,0,1,0,0,0,0,0,0,0,0,0,0,0,0,1,0,0,0,0,0,0,0,0,0,0,0,0,0,0,0,0,1,0,0,0,1,0,0,1,0,0,0,1,0,0,1,0,0,0,0,0,0,0,1,0,12.0,5.0,8.0,1.36,0.96,0.45,1.55,1.4,1.7,0.85,0.7,1.0
Iriartella stenocarpa,0,0,0,0,0,0,0,0,0,0,0,0,0,0,0,0,1,0,0,0,0,0,0,0,0,0,0,0,0,0,0,0,0,0,0,0,0,1,0,0,0,0,0,0,0,1,0,1,0,0,0,0,0,0,0,1,0,3.0,2.0,5.0,1.22,0.8,0.47,1.2,0.9,1.5,0.7,0.5,0.5
Itaya amicorum,0,0,0,0,0,0,0,0,0,1,0,0,0,0,0,0,0,0,0,0,0,0,0,0,0,0,0,0,0,0,1,0,0,0,1,0,0,0,0,0,0,0,0,0,0,1,0,1,0,0,0,1,0,0,0,0,1,4.0,10.0,25.0,1.4,2.1,2.4,2.25,2.0,2.5,1.75,1.5,2.0
Kentiopsis oliviformis,0,0,0,0,0,0,0,0,0,0,0,0,0,0,0,0,0,0,0,0,0,0,0,1,0,0,0,0,0,0,0,0,0,0,0,0,0,0,0,0,1,0,0,0,1,0,0,1,0,0,0,1,0,0,0,1,0,30.0,28.0,10.0,3.1,3.0,0.12,1.7,1.4,2.0,0.85,0.8,0.9
Kentiopsis piersoniorum,0,0,0,0,0,0,0,0,0,0,0,0,0,0,0,0,0,0,0,0,0,0,1,0,0,0,0,0,0,0,0,0,0,0,0,0,0,0,0,1,0,0,0,0,1,0,0,1,0,0,0,0,0,0,0,0,1,15.0,25.0,12.0,2.5,2.3,0.22,2.0,1.7,2.3,0.95,0.9,1.0
Kerriodoxa elegans,0,0,0,1,0,0,0,0,0,0,0,0,0,0,0,0,0,1,0,0,0,0,0,0,0,0,0,0,0,1,1,0,0,1,0,0,0,1,0,0,0,0,1,0,1,0,1,0,0,0,0,0,1,0,0,1,0,7.0,20.0,35.0,1.27,1.3,0.92,4.0,3.0,5.0,4.5,4.0,5.0
Leopoldinia piassaba,0,0,0,1,0,0,0,0,0,0,0,0,0,0,0,0,1,0,0,0,0,0,1,0,0,0,0,0,0,0,0,0,0,1,0,0,0,0,0,0,0,0,0,0,1,0,0,1,0,0,0,0,1,0,0,0,1,10.0,15.0,16.0,4.8,3.3,1.55,3.798333334,3.55,4.42,3.34,3.0,3.68
Leopoldinia pulchra,0,0,0,1,0,0,0,0,0,0,0,0,0,0,0,0,0,0,0,0,0,1,0,0,1,0,0,0,0,0,0,0,0,1,0,0,0,0,0,1,0,0,0,0,1,0,0,1,0,0,0,0,0,0,0,0,1,7.0,10.0,25.0,2.13,1.5,0.68,2.84,2.04,4.06,2.72,1.81,3.62
Lepidocaryum tenue,0,0,0,1,0,0,0,0,0,0,0,0,0,0,0,0,1,0,0,0,0,0,0,1,1,0,0,0,0,0,0,0,0,1,0,0,0,1,0,0,1,0,0,0,0,1,0,1,0,0,0,1,0,0,0,1,0,4.0,3.0,20.0,1.17,1.7,2.1,2.25,1.5,3.0,1.5,1.0,2.0
Licuala paludosa,0,0,0,0,0,0,0,0,0,0,0,0,0,0,0,0,1,0,0,0,0,0,0,1,0,0,0,0,0,0,0,0,0,0,0,0,0,1,0,0,1,0,0,0,1,0,0,1,0,0,0,1,0,0,0,1,0,7.0,7.0,10.0,1.2,1.0,2.5,0.9,0.8,1.0,0.8,0.6,1.0
Linospadix microcaryus,0,0,0,0,0,0,0,0,0,0,0,0,0,0,0,0,1,0,1,0,0,0,0,1,0,0,0,0,0,1,0,0,0,0,0,0,0,1,1,0,1,0,1,0,0,1,0,1,0,0,0,1,0,0,0,1,0,3.0,2.5,9.0,0.7,0.5,0.22,0.7,0.5,0.9,0.65,0.5,0.8
Linospadix minor,0,0,0,0,0,0,0,0,0,0,0,0,0,0,0,0,1,0,0,0,0,0,0,1,0,0,0,0,0,1,0,0,0,0,0,0,0,1,0,0,1,0,1,0,0,1,0,1,0,0,0,1,0,0,0,1,0,5.0,2.0,12.0,1.1,0.6,0.55,1.3,0.8,1.8,0.55,0.3,0.8
Linospadix monostachyos,0,0,0,0,0,0,0,0,0,0,0,0,0,0,0,0,0,0,0,0,0,0,0,1,0,0,0,0,0,0,0,0,0,0,0,0,0,0,0,0,1,0,0,0,1,0,0,1,0,0,0,0,1,0,0,1,0,6.0,5.0,10.0,1.3,0.5,0.92,1.2,0.9,1.5,0.7,0.4,1.0
Linospadix palmerianus,0,0,0,0,0,0,0,0,0,0,0,0,0,0,0,0,0,0,0,0,0,0,0,1,0,0,0,0,0,1,0,0,0,0,0,0,0,0,0,0,1,0,1,0,0,1,0,1,0,0,0,1,0,0,0,1,0,3.0,2.0,12.0,0.6,0.5,0.12,1.25,1.0,1.5,0.6,0.5,0.7
Livistona alfredii,1,0,0,1,0,0,0,0,0,0,0,0,0,0,0,0,0,0,0,0,0,0,0,0,0,0,0,0,0,0,0,1,0,1,0,0,0,0,0,0,0,0,0,0,1,0,0,1,0,0,0,0,0,0,0,0,1,15.0,50.0,30.0,1.4,1.4,1.35,3.25,2.5,4.0,3.5,3.0,4.0
Livistona benthamii,1,0,0,0,0,0,0,0,0,0,0,0,0,0,0,0,0,0,0,0,0,1,0,0,0,0,0,0,0,0,0,1,0,0,0,0,0,0,0,1,0,0,0,0,1,0,0,1,0,0,0,0,1,0,0,0,1,18.0,30.0,50.0,1.6,2.1,2.1,1.1,0.9,1.3,1.0,0.9,1.1
Livistona drudei,1,0,0,0,0,0,0,0,0,0,0,0,0,0,0,0,0,0,0,0,0,1,0,0,0,0,0,0,0,0,0,1,0,0,0,0,0,0,0,1,0,0,0,0,1,0,0,1,0,0,0,0,1,0,0,0,1,28.0,20.0,60.0,1.5,1.5,2.6,1.5,1.0,2.0,1.05,1.0,1.1
Livistona eastonii,1,0,0,0,0,0,0,0,0,0,0,0,0,0,0,0,0,0,0,0,0,1,0,0,0,0,0,0,0,0,0,1,0,0,0,0,0,0,0,1,0,0,0,0,1,0,0,1,0,0,0,1,0,0,0,0,1,12.0,15.0,20.0,0.9,0.9,2.1,1.4,1.2,1.6,0.85,0.8,0.9
Livistona humilis,1,0,0,0,0,0,0,0,0,0,0,0,0,0,0,0,0,0,0,0,0,1,0,0,0,0,0,0,0,0,0,1,0,0,0,0,0,0,0,1,0,0,0,0,1,0,0,1,0,0,0,1,0,0,0,0,1,7.0,8.0,15.0,0.5,0.5,0.75,1.5,1.1,1.9,0.9,0.8,1.0
Livistona lorophylla,1,0,0,0,0,0,0,0,0,0,0,0,0,0,0,0,0,0,0,0,0,0,0,0,0,0,0,0,0,0,0,1,0,0,0,0,0,0,0,0,0,0,0,0,1,0,0,1,0,1,0,0,0,0,0,0,1,15.0,20.0,40.0,1.0,1.0,2.1,1.1,0.8,1.4,0.75,0.6,0.9
Livistona saribus,0,1,0,0,0,0,0,0,0,0,0,1,0,0,0,0,0,0,0,0,0,0,0,0,0,0,0,0,0,0,0,0,1,0,0,1,0,0,0,0,0,0,0,0,1,0,0,1,0,0,0,0,1,0,0,0,1,40.0,65.0,30.0,2.0,2.0,2.1,2.3,2.1,2.5,1.5,1.0,2.0
Lytocaryum hoehnei,0,0,0,1,0,0,0,0,0,0,0,0,0,0,0,0,0,0,1,0,0,0,0,1,0,0,0,0,0,0,0,0,0,1,0,0,0,0,1,0,1,0,0,0,0,1,0,1,0,0,0,1,0,0,0,1,0,5.0,15.0,22.0,1.05,0.75,0.33,3.15,3.0,3.3,2.15,2.0,2.3
Lytocaryum weddellianum,0,0,0,1,0,0,0,0,0,0,0,0,0,0,0,0,0,0,0,0,0,0,0,0,0,0,0,0,0,0,0,0,0,1,0,0,0,0,0,0,0,0,0,0,0,1,0,1,0,0,0,0,0,0,0,0,1,5.0,10.0,20.0,1.3,0.99,0.34,2.0,1.7,2.3,1.35,1.0,1.7
Manicaria saccifera,0,0,0,0,1,0,0,0,0,0,0,0,0,0,0,0,0,0,0,0,0,0,0,0,0,0,0,0,0,0,0,0,0,1,0,0,0,0,0,0,0,0,0,0,1,0,1,0,0,0,0,0,1,0,0,0,1,10.0,20.0,25.0,15.0,8.0,6.75,5.0,4.0,6.0,5.0,4.0,6.0
Marojejya insignis,1,0,0,0,0,0,0,0,0,0,0,0,0,0,0,0,0,0,0,0,1,0,1,1,0,0,0,0,0,0,0,1,0,0,0,0,0,0,0,0,1,0,0,0,1,0,0,1,0,0,0,0,1,0,0,1,0,8.0,40.0,20.0,7.23,5.8,1.63,1.95,1.8,2.1,1.55,1.1,2.0
Masoala kona,0,0,0,0,0,0,0,0,0,0,0,0,0,0,0,0,0,0,0,0,0,0,0,0,0,0,0,0,0,0,0,0,0,0,0,0,0,0,0,0,0,0,0,0,1,0,0,1,0,0,0,1,0,0,0,0,0,9.0,35.0,17.0,4.82,4.52,0.33,3.25,2.5,4.0,1.3,1.2,1.4
Masoala madagascariensis,0,0,0,1,0,0,0,0,0,0,0,0,0,0,0,0,0,0,0,0,0,0,0,0,0,0,0,0,0,0,1,0,0,1,0,0,0,0,0,0,0,0,0,0,1,0,0,1,0,0,0,0,1,0,0,0,1,10.0,35.0,31.0,4.7,3.9,0.92,2.45,2.4,2.5,1.85,1.8,1.9
Mauritiella armata,0,0,0,1,0,0,0,0,0,0,0,0,0,0,0,0,0,0,0,0,0,0,0,0,1,0,0,0,0,0,0,0,0,1,0,0,0,0,0,0,0,0,0,0,1,0,0,1,0,0,0,1,0,0,0,0,1,25.0,30.0,10.0,1.5,1.0,3.25,3.0,2.5,3.5,2.5,2.0,3.0
Mauritiella macroclada,0,0,0,1,0,0,0,0,0,0,0,0,0,0,0,0,0,0,0,0,0,0,0,0,1,0,0,0,0,0,0,0,0,1,0,0,0,0,0,0,0,0,0,0,1,0,0,1,0,0,0,1,0,0,0,0,1,10.0,15.0,12.0,1.25,1.5,2.85,2.25,2.0,2.5,1.9,1.8,2.0
Maxburretia furtadoana,1,0,0,1,0,0,0,0,0,0,0,0,0,0,0,0,1,0,0,0,0,0,0,0,0,0,0,0,0,1,1,1,0,0,0,0,0,1,0,0,0,0,1,0,0,1,0,1,0,0,0,1,0,0,0,1,0,3.0,5.0,12.0,0.75,0.75,0.75,0.95,0.9,1.0,0.6,0.5,0.7
Normanbya normanbyi,0,0,0,1,0,0,0,0,0,0,0,0,0,0,0,0,0,0,1,0,0,0,0,0,0,0,0,0,0,0,0,0,0,1,0,0,0,0,1,0,0,0,0,0,1,0,1,0,0,0,0,0,1,0,0,1,0,30.0,25.0,10.0,2.5,2.2,0.33,4.25,3.5,5.0,3.2,2.5,3.9
Nypa fruticans,0,0,0,1,0,0,0,0,0,0,0,0,0,0,0,0,0,0,0,0,0,0,0,0,0,0,0,0,0,0,0,0,0,1,0,0,0,0,0,0,0,0,0,0,0,1,1,0,0,0,0,0,1,0,0,0,1,0.0,60.0,15.0,10.2,9.0,1.25,11.5,8.0,15.0,6.0,2.0,10.0
Oenocarpus bacaba,1,0,0,0,0,0,0,0,0,0,0,0,0,0,0,0,0,0,0,0,0,1,0,0,0,0,0,0,0,0,0,1,0,0,0,0,0,0,0,1,0,0,0,0,1,0,0,1,0,0,0,1,0,0,0,0,1,20.0,30.0,15.0,7.9,5.6,2.4,1.4,1.3,1.5,1.4,1.3,1.5
Oenocarpus balickii,1,0,0,0,0,0,0,0,0,0,0,0,0,0,0,0,0,0,0,0,0,1,0,0,0,0,0,0,0,0,0,1,0,0,0,0,0,0,0,1,0,0,0,0,1,0,0,1,0,0,0,1,0,0,0,0,1,14.0,12.0,11.0,4.15,4.0,0.17,1.65,1.5,1.8,1.25,1.0,1.5
Oenocarpus bataua,1,0,0,0,0,0,0,0,0,0,0,0,0,0,0,0,0,0,0,0,0,1,0,0,0,0,0,0,0,0,0,1,0,0,0,0,0,0,0,1,0,0,0,0,1,0,0,1,0,0,0,1,0,0,0,0,1,26.0,45.0,20.0,13.5,11.0,2.6,3.5,2.5,4.5,2.35,2.2,2.5
Oenocarpus distichus,1,0,0,0,0,0,0,0,0,0,0,0,0,0,0,0,0,0,0,0,0,1,0,0,0,0,0,0,0,0,0,1,0,0,0,0,0,0,0,1,0,0,0,0,1,0,0,1,0,0,0,0,1,0,0,0,1,10.2,26.0,13.0,5.5,5.39,0.13,1.9,1.8,2.0,1.6,1.5,1.7
Oenocarpus makeru,1,0,0,0,0,0,0,0,0,0,0,0,0,0,0,0,0,0,0,0,0,1,0,0,0,0,0,0,0,0,0,1,0,0,0,0,0,0,0,1,0,0,0,0,1,0,0,1,0,0,0,0,0,0,0,0,1,8.0,8.0,12.0,2.75,2.5,0.28,2.4,2.2,2.6,1.55,1.4,1.7
Oenocarpus mapora,1,0,0,0,0,0,0,0,0,0,0,0,0,0,0,0,0,0,0,0,0,1,0,0,0,0,0,0,0,0,0,1,0,0,0,0,0,0,0,1,0,0,0,0,1,0,0,1,0,0,0,0,1,0,0,0,1,15.0,20.0,8.0,6.7,5.0,1.8,2.5,2.0,3.0,2.0,1.5,2.5
Oenocarpus minor,1,0,0,0,0,0,0,0,0,0,0,0,0,0,0,0,0,0,0,0,0,1,0,0,0,0,0,0,0,0,0,1,0,0,0,0,0,0,0,1,0,0,0,0,1,0,0,1,0,0,0,1,0,0,0,0,1,10.0,7.0,13.0,4.55,4.0,0.6,1.75,1.5,2.0,1.4,1.3,1.5
Oenocarpus simplex,1,0,0,0,0,0,0,0,0,0,0,0,0,0,0,0,0,0,0,0,0,1,0,0,0,0,0,0,0,0,0,1,0,0,0,0,0,0,0,1,0,0,0,0,0,1,0,1,0,0,0,0,1,0,0,0,1,4.0,1.8,8.0,1.18,0.9,0.31,2.45,2.2,2.7,1.35,1.3,1.4
Oncosperma horridum,1,0,0,1,0,0,0,0,0,0,0,0,0,0,0,0,0,0,0,0,0,0,0,0,0,0,0,0,0,0,0,1,0,1,0,0,0,0,0,0,0,0,0,0,1,0,0,1,0,0,0,0,1,0,0,0,1,25.0,25.0,25.0,6.0,4.0,2.1,1.7,1.5,2.0,1.7,1.5,2.0
Orania disticha,0,0,0,0,0,0,0,0,0,0,0,0,0,0,0,0,1,0,0,0,0,0,0,0,0,0,0,0,0,0,0,0,0,0,0,0,0,1,0,0,0,0,0,0,1,0,1,0,0,1,0,0,0,0,0,1,0,20.0,23.0,12.0,4.3,3.0,1.35,5.75,5.5,6.0,5.75,5.5,6.0
Orania lauterbachiana,0,0,0,0,0,0,0,0,0,0,0,0,0,0,0,0,1,0,0,0,0,0,0,0,1,0,0,0,0,0,0,0,0,0,0,0,0,1,0,0,0,0,0,0,1,0,0,1,0,0,0,1,0,0,0,1,0,20.0,32.0,10.0,5.1,3.9,1.25,3.75,2.5,5.0,3.75,2.5,5.0
Orania longisquama,0,0,0,0,0,0,0,0,0,1,0,0,0,0,0,0,0,0,0,0,0,0,0,0,0,0,0,0,0,0,0,0,0,0,1,0,0,0,0,0,0,0,0,0,1,0,1,0,0,0,0,0,1,0,0,0,1,20.0,25.0,15.0,3.2,2.0,1.25,4.75,4.0,5.5,3.75,3.0,4.5
Orania palindan,0,0,0,0,0,0,0,0,0,1,0,0,0,0,0,0,0,0,0,0,0,0,0,0,0,0,0,0,0,1,1,0,0,0,1,0,0,0,0,0,0,0,1,0,1,0,1,0,0,0,0,0,1,0,0,1,0,30.0,40.0,15.0,3.5,2.0,1.55,5.4,3.3,7.5,5.25,3.0,7.5
Orania ravaka,0,0,0,1,0,0,0,0,0,0,0,0,0,0,0,0,0,0,0,0,0,0,0,0,0,0,0,0,0,1,0,0,0,1,0,0,0,0,0,0,0,0,1,0,1,0,1,0,0,0,0,0,1,0,0,1,0,20.0,20.0,8.0,4.5,3.21,1.34,6.2,5.0,7.4,3.5,4.0,5.0
Orania trispatha,0,0,0,0,0,0,0,0,0,1,0,0,0,0,0,0,0,0,0,0,0,0,0,0,0,0,0,0,0,0,0,0,0,0,1,0,0,0,0,0,0,0,0,0,1,0,1,0,0,0,0,1,0,0,0,0,1,22.0,35.0,12.0,5.0,2.4,2.7,6.5,5.0,8.0,6.5,5.0,8.0
Parajubaea cocoides,0,0,0,1,0,0,0,0,0,0,1,0,0,0,0,0,0,0,0,0,0,0,0,0,0,0,0,0,0,0,0,0,0,1,0,0,0,0,0,0,0,0,0,0,1,0,1,0,0,0,0,0,0,0,0,0,1,16.0,45.0,30.0,4.0,2.8,1.25,4.75,4.0,5.5,3.4,2.8,4.0
Parajubaea torallyi,0,0,0,1,0,0,0,0,0,0,1,0,0,0,0,0,0,0,0,0,0,0,0,0,0,0,0,0,0,0,0,0,0,1,0,0,0,0,0,0,0,0,0,0,1,0,1,0,0,0,0,0,1,0,0,0,1,15.0,35.0,25.0,4.08,2.38,1.8,5.25,3.0,7.5,3.5,2.0,5.0
Phoenix dactylifera,1,0,0,1,0,0,0,0,0,0,0,0,0,0,0,0,0,0,0,0,0,0,0,0,0,0,0,0,0,1,0,1,0,1,0,0,0,0,0,0,0,0,1,0,1,0,1,0,0,0,0,0,0,0,0,1,0,30.0,60.0,50.0,5.0,4.5,0.55,7.0,4.0,7.0,3.0,2.0,3.0
Phoenix loureiroi,1,1,0,0,0,0,0,0,0,0,0,0,0,0,0,0,0,0,0,0,0,1,0,0,0,0,0,0,0,0,0,1,1,0,0,0,0,0,0,1,0,0,0,0,0,1,0,1,0,0,0,0,0,0,0,0,1,5.0,40.0,50.0,2.0,1.8,0.22,2.15,1.8,2.5,1.2,0.9,1.5
Phoenix reclinata,0,0,0,0,0,0,0,0,0,0,0,0,0,0,0,0,1,0,0,0,0,0,0,1,0,0,0,0,0,1,0,0,0,0,0,0,0,1,0,0,1,0,1,0,1,0,0,1,0,0,0,1,0,0,0,1,0,15.0,30.0,40.0,4.5,4.2,0.33,1.9,1.8,2.0,1.1,0.9,1.3
Pholidocarpus macrocarpus,0,0,0,1,0,0,0,0,0,0,0,0,0,0,0,0,0,0,0,0,0,0,0,0,0,0,0,0,0,0,0,0,0,1,0,0,0,0,0,0,0,0,0,0,1,0,1,0,0,0,0,1,0,0,0,0,1,40.0,40.0,50.0,1.1,1.0,2.75,11.5,10.0,13.0,11.0,10.0,12.0
Pholidostachys dactyloides,0,0,0,0,0,0,0,0,0,0,0,0,0,0,0,0,1,0,0,0,0,0,0,0,0,0,0,0,0,1,0,0,0,0,0,0,0,1,0,0,0,0,1,0,1,0,0,1,0,0,0,0,0,0,0,1,0,10.0,12.0,25.0,3.53,2.31,1.27,1.215,0.8,1.63,0.792692308,0.58,1.15
Pholidostachys kalbreyeri,0,0,0,1,0,0,0,0,0,0,0,0,0,0,0,0,0,0,0,0,0,0,0,0,0,0,0,0,0,0,0,0,0,1,0,0,0,0,0,0,0,0,0,0,1,0,0,1,0,1,0,0,0,0,0,0,1,6.6,12.0,23.0,2.8,1.6,1.25,2.23,1.15,2.92,1.11,0.66,1.46
Pholidostachys pulchra,1,0,0,0,0,0,0,0,0,0,0,0,0,0,0,0,0,0,0,0,0,0,0,1,0,0,0,0,0,0,0,1,0,0,0,0,0,0,0,0,1,0,0,0,1,0,0,1,0,0,0,0,1,0,0,1,0,9.0,8.0,23.0,3.06,1.56,1.55,2.23,1.15,2.92,1.108679245,0.66,1.46
Pholidostachys synanthera,1,0,0,0,0,0,0,0,0,0,0,0,0,0,0,0,0,0,0,0,0,0,0,0,0,0,0,0,0,0,0,1,0,0,0,0,0,0,0,0,0,0,0,0,1,0,0,1,0,0,0,0,1,0,0,0,1,12.0,22.0,27.0,2.6,1.24,1.41,1.385,1.0,1.77,0.84,0.61,1.05
Physokentia insolita,0,0,0,0,0,0,0,0,0,0,0,0,0,0,0,0,0,0,0,0,0,0,0,1,0,0,0,0,0,0,0,0,0,0,0,0,0,0,0,0,1,0,0,0,1,0,0,1,0,0,0,0,0,0,0,1,0,15.0,17.5,8.0,2.175,1.8,0.43,1.2,1.1,1.3,1.2,1.0,1.3
Phytelephas macrocarpa,0,0,0,1,0,0,0,0,0,0,0,0,0,0,0,0,1,0,0,0,0,0,0,0,0,0,0,0,0,0,1,0,0,1,0,0,0,1,0,0,0,0,0,0,0,1,1,0,0,0,0,1,0,0,0,1,0,2.0,30.0,20.0,8.5,7.0,1.55,13.0,10.0,16.0,15.5,13.0,18.0
Pinanga arinasae,0,0,0,0,0,0,0,0,0,0,0,0,0,0,0,0,0,0,0,0,0,0,0,1,0,0,0,0,0,0,0,0,0,0,0,0,0,0,0,0,1,0,0,0,1,0,0,1,0,0,0,0,1,0,0,1,0,12.0,15.0,10.0,3.3,2.15,0.22,1.45,1.2,1.7,1.0,0.8,1.2
Pinanga coronata,1,0,0,0,0,0,0,0,0,0,0,0,0,0,0,0,0,0,1,0,0,0,0,1,0,0,0,0,0,1,0,1,0,0,0,0,0,0,1,0,0,0,1,0,1,0,0,1,0,0,0,0,1,0,0,1,0,10.0,10.0,7.0,3.0,2.0,0.95,1.3,1.1,1.5,0.8,0.6,1.0
Pinanga cupularis,0,0,0,0,0,0,0,0,0,0,0,0,0,0,0,0,0,0,0,0,0,0,0,0,0,0,0,0,0,0,0,0,0,0,0,0,0,0,0,0,0,0,0,0,0,1,0,1,0,0,0,0,1,0,0,0,0,2.0,0.8,6.0,0.46,0.4,0.09,1.6,1.2,2.0,0.3,0.2,0.4
Pinanga declinata,0,0,0,0,0,0,0,0,0,0,0,0,0,0,0,0,0,0,0,0,0,0,0,0,0,0,0,0,0,0,0,0,0,0,0,0,0,0,0,0,0,0,0,0,0,1,0,1,0,0,0,0,0,0,0,0,0,5.0,5.5,7.0,1.63,1.11,0.57,1.75,1.5,2.0,0.6,0.5,0.7
Pinanga disticha,0,0,0,0,0,0,0,0,0,0,0,0,0,0,0,0,0,0,0,0,0,0,0,1,0,0,0,0,0,0,0,0,0,0,0,0,0,0,0,0,1,0,0,0,0,1,0,1,0,0,0,0,1,0,0,1,0,1.8,1.0,6.0,1.5,0.6,0.85,1.35,1.2,1.5,0.9,0.8,1.0
Pinanga javana,1,0,0,0,0,0,0,0,0,0,0,0,0,0,0,0,0,0,0,1,0,0,0,1,0,0,0,0,0,1,0,1,0,0,0,0,0,0,0,0,1,0,0,0,1,0,0,1,0,0,0,1,0,0,0,1,0,10.0,15.0,10.0,3.0,2.7,0.33,2.3,2.0,2.6,1.3,1.1,1.4
Plectocomiopsis geminiflora,0,0,0,1,0,0,0,0,0,0,1,0,0,0,0,0,0,0,0,0,0,0,0,0,0,0,0,0,0,0,0,0,0,1,0,0,0,0,0,0,0,0,0,0,1,0,0,1,0,0,0,1,0,0,0,0,1,50.0,6.0,22.0,3.9,3.9,0.15,2.75,2.5,3.0,3.25,3.0,3.5
Pritchardia glabrata,1,0,0,1,0,0,0,0,0,0,0,0,0,0,0,0,0,0,0,0,0,0,0,0,0,0,0,0,0,0,0,1,0,1,0,0,0,0,0,0,0,0,0,0,0,1,0,1,0,0,0,1,0,0,0,0,1,5.0,20.0,16.0,1.05,0.5,0.6,2.5,2.0,3.0,2.25,2.0,2.5
Pritchardia schattaueri,1,0,0,1,0,0,0,0,0,0,0,0,0,0,0,0,0,0,0,0,0,0,0,0,0,0,0,0,0,0,0,1,0,1,0,0,0,0,0,0,0,0,0,0,1,0,1,0,0,0,0,0,0,0,0,0,1,40.0,30.0,30.0,1.9,1.8,2.2,4.0,3.0,5.0,3.5,3.0,4.0
Pseudophoenix ekmanii,0,0,0,0,0,0,0,0,0,0,0,0,0,0,0,0,0,0,0,0,0,0,0,0,1,0,0,0,0,0,0,0,0,0,0,0,0,0,0,0,1,0,0,0,1,0,0,1,0,0,0,0,0,0,0,1,0,6.0,80.0,12.0,3.0,1.61,1.44,1.3,1.18,1.43,1.685,1.17,2.2
Pseudophoenix lediniana,0,0,0,0,0,0,0,0,0,0,0,0,0,0,0,0,0,0,0,0,0,0,0,0,1,0,0,0,0,0,0,0,0,0,0,0,0,0,0,0,1,0,0,0,1,0,0,1,0,0,0,0,1,0,0,1,0,20.0,30.0,17.0,3.1,2.36,0.79,2.12,1.72,2.51,1.8,1.48,2.17
Pseudophoenix sargentii,0,0,0,0,0,0,0,0,0,0,0,0,0,0,0,0,0,0,0,0,0,0,0,1,0,0,0,0,0,0,0,0,0,0,0,0,0,0,0,0,1,0,0,0,1,0,0,1,0,0,0,0,0,0,0,1,0,8.0,30.0,16.0,2.84,1.65,1.24,1.39,1.06,1.71,1.305,0.91,1.7
Pseudophoenix vinifera,0,0,0,0,0,0,0,0,0,0,0,0,0,0,0,0,0,0,0,0,0,0,0,0,1,0,0,0,0,0,0,0,0,0,0,0,0,0,0,0,1,0,0,0,1,0,0,1,0,0,0,1,0,0,0,1,0,25.0,40.0,24.0,3.0,2.7,0.33,3.07,1.76,2.37,2.06,1.62,2.5
Raphia farinifera,0,0,0,1,0,0,0,0,0,0,0,0,0,0,0,0,0,0,0,0,0,0,0,0,0,0,0,0,0,0,0,0,0,1,0,0,0,0,0,0,0,0,0,0,1,0,1,0,0,1,0,0,0,0,0,0,1,25.0,60.0,12.0,20.0,18.5,1.55,7.5,5.0,10.0,4.5,3.5,5.5
Raphia taedigera,0,0,0,1,0,0,0,0,0,0,0,0,0,0,0,0,1,0,0,0,0,0,0,0,1,1,0,0,0,0,1,0,0,1,0,0,0,0,0,0,0,0,0,0,1,0,1,0,0,0,0,0,1,0,0,0,1,12.0,40.0,15.0,20.0,15.0,4.75,6.0,4.5,8.0,3.5,2.5,4.5
Ravenea glauca,0,0,0,0,0,0,0,0,0,0,0,0,0,0,0,0,0,0,0,0,0,0,0,0,0,0,0,0,0,1,0,0,0,0,0,0,0,0,0,0,0,0,1,0,1,0,0,1,0,0,0,0,0,1,0,1,0,8.0,12.0,20.0,2.5,2.0,0.55,2.1,2.0,2.2,2.25,2.2,2.3
Ravenea hildebrandtii,0,0,0,0,0,0,0,0,0,0,0,0,0,0,0,0,0,0,0,0,0,0,0,0,0,0,0,0,0,1,0,0,0,0,0,0,0,0,0,0,0,0,1,0,1,0,0,1,0,0,0,0,0,0,0,1,0,6.0,6.0,25.0,1.5,0.99,0.56,0.95,0.9,1.0,0.65,0.5,0.8
Ravenea julietiae,0,0,0,0,0,0,0,0,0,0,0,0,0,0,0,0,0,0,0,0,0,0,0,0,0,0,0,0,0,0,0,0,0,0,0,0,0,0,0,0,0,0,0,0,1,0,0,1,0,0,0,0,1,0,0,0,0,10.0,15.0,23.0,3.6,2.8,0.85,2.45,2.2,2.7,1.85,1.7,2.0
Ravenea lakatra,0,0,0,0,0,0,0,0,0,0,0,0,0,0,0,0,0,0,0,0,0,0,0,0,0,0,0,0,0,0,0,1,0,0,0,0,0,0,0,0,0,0,0,0,1,0,0,1,0,0,0,1,0,0,0,0,1,14.0,17.0,10.0,5.1,3.5,1.7,1.75,1.5,2.0,1.95,1.8,2.1
Ravenea louvelii,0,0,0,0,0,0,0,0,0,0,0,0,0,0,0,0,0,0,0,0,0,1,0,0,0,0,0,0,0,0,0,0,0,0,0,0,0,0,0,1,0,0,0,0,0,1,0,1,0,0,0,1,0,0,0,0,1,3.0,20.0,14.0,4.3,3.0,1.35,1.35,1.3,1.4,1.75,1.5,2.0
Ravenea madagascariensis,0,0,0,0,0,0,0,0,0,0,0,0,0,0,0,0,1,0,0,0,0,0,0,0,0,0,0,0,0,0,0,0,0,0,0,0,0,1,0,0,0,0,0,0,1,0,0,1,0,0,0,0,1,0,0,1,0,12.0,22.0,26.0,3.8,3.0,0.85,0.75,0.5,1.0,0.875,0.75,1.0
Ravenea musicalis,0,0,0,0,0,0,0,0,0,0,0,0,0,0,0,0,1,0,0,0,0,0,0,0,0,0,0,0,0,0,0,0,0,0,0,0,0,1,0,0,0,0,0,0,1,0,0,1,0,0,0,1,0,0,0,1,0,8.0,40.0,16.0,2.0,1.8,0.22,2.0,1.7,2.3,1.65,1.4,1.9
Ravenea rivularis,0,0,0,0,0,0,0,0,0,0,0,0,0,0,0,0,0,0,0,0,0,0,0,1,0,0,0,0,0,0,0,0,0,0,0,0,0,0,0,0,1,0,0,0,1,0,0,1,0,0,0,0,0,0,0,1,0,30.0,50.0,25.0,2.0,1.8,0.22,0.825,0.75,0.9,0.775,0.7,0.85
Ravenea robustior,1,0,0,0,0,0,0,0,0,0,0,0,0,0,0,0,1,0,0,0,0,1,0,0,0,0,0,0,0,0,0,1,0,0,0,0,0,1,0,1,0,0,0,0,1,0,0,1,0,0,0,1,0,0,0,1,0,30.0,60.0,25.0,5.34,4.0,1.39,1.4,1.0,1.8,1.15,0.8,1.5
Ravenea sambiranensis,0,0,0,0,0,0,1,0,0,0,0,0,0,0,0,0,1,0,0,0,0,0,0,1,0,0,0,0,0,0,0,0,0,0,0,0,0,1,0,0,1,0,0,0,1,0,0,1,0,0,0,0,1,0,0,1,0,30.0,29.0,28.0,2.5,2.26,0.26,1.1,1.0,1.2,0.95,0.9,1.0
Ravenea xerophila,0,0,0,0,0,0,0,0,0,0,0,0,0,0,0,0,0,0,0,0,0,0,0,0,0,0,0,0,0,0,1,0,0,0,0,0,0,0,0,0,0,0,1,0,1,0,0,1,0,0,0,1,0,0,0,0,1,8.0,30.0,22.0,2.7,2.1,0.65,1.85,1.5,2.2,2.2,1.7,2.7
Reinhardtia koschnyana,1,0,0,0,0,0,0,0,0,0,0,0,0,0,0,0,0,0,0,0,0,1,0,0,0,0,0,0,0,0,0,1,0,0,0,0,0,0,0,1,0,0,0,0,0,1,0,1,0,0,0,0,1,0,0,0,1,0.7,0.8,14.0,0.45,0.17,0.08,1.2,1.1,1.3,0.7,0.6,0.8
Rhapis subtilis,0,0,0,0,0,0,0,0,0,0,0,0,0,0,0,0,0,0,0,0,0,0,0,0,0,0,0,0,1,0,0,0,0,0,0,0,0,0,0,0,0,1,0,0,0,1,0,1,0,0,0,1,0,0,0,0,1,3.0,2.5,18.0,0.5,0.34,0.18,0.775,0.6,0.95,0.79,0.63,0.95
Rhopaloblaste augusta,0,0,0,0,0,0,0,0,0,0,0,0,0,0,0,0,1,0,0,0,0,0,0,1,0,0,0,0,0,0,0,0,0,0,0,0,0,1,0,0,1,0,0,0,1,0,0,1,0,0,0,0,0,0,0,1,0,25.0,30.0,11.0,4.1,4.0,0.12,2.4,2.2,2.6,1.6,1.0,2.2
Rhopaloblaste ceramica,0,0,0,0,0,0,0,0,0,0,0,0,0,0,0,0,0,0,0,0,0,0,0,1,0,0,0,0,0,0,0,0,0,0,0,0,0,0,0,0,1,0,0,0,1,0,0,1,0,0,0,0,1,0,0,1,0,35.0,35.0,17.0,4.05,4.0,0.07,3.25,3.0,3.5,1.7,1.6,1.8
Rhopaloblaste ledermanniana,0,0,0,0,0,0,0,0,0,0,0,0,0,0,0,0,1,0,0,0,0,0,0,1,0,0,0,0,0,0,0,0,0,0,0,0,0,1,0,0,1,0,0,0,1,0,0,1,0,0,0,1,0,0,0,1,0,30.0,19.0,13.0,4.0,3.8,0.22,1.825,1.55,2.1,1.0,0.8,1.2
Rhopaloblaste singaporensis,0,0,0,0,0,0,0,0,0,0,0,0,0,0,0,0,1,0,0,0,0,0,0,1,0,0,0,0,0,0,1,0,0,0,0,0,0,1,0,0,1,0,0,0,0,1,0,1,0,0,0,0,0,0,0,1,0,5.0,4.0,8.0,2.5,1.8,0.75,1.1,1.0,1.2,0.85,0.8,0.9
Roystonea borinquena,1,0,0,1,0,0,0,0,0,0,0,0,0,0,0,0,0,0,0,0,0,0,0,0,0,0,0,0,0,0,0,1,0,1,0,0,0,0,0,0,0,0,0,0,1,0,0,1,0,0,0,0,1,0,0,0,1,15.0,50.0,15.0,5.05,4.5,0.6,1.3,1.1,1.5,1.1,0.9,1.3
Roystonea lenis,1,0,0,0,0,0,0,0,0,0,0,0,0,0,0,0,0,0,0,0,0,1,0,0,0,0,0,0,0,0,0,1,0,0,0,0,0,0,0,1,0,0,0,0,1,0,0,1,0,0,0,1,0,0,0,0,1,20.0,47.0,15.0,6.5,5.8,0.75,1.25,1.1,1.4,0.95,0.8,1.1
Roystonea violacea,1,0,0,0,0,0,0,0,0,0,0,0,0,0,0,0,0,0,0,0,0,1,0,0,0,0,0,0,0,0,0,1,0,0,0,0,0,0,0,1,0,0,0,0,1,0,0,1,0,0,0,0,0,0,0,0,1,15.0,34.0,15.0,4.4,3.6,0.85,1.3,1.2,1.4,0.8,0.7,0.9
Sabal etonia,1,0,0,0,1,0,0,0,0,0,0,0,0,0,0,0,0,0,0,0,0,0,0,0,0,0,0,0,0,0,0,1,0,0,0,0,0,0,0,0,0,0,0,0,0,1,0,1,0,0,0,0,1,0,0,0,1,0.0,25.0,7.0,1.0,1.82,0.2,1.2,0.9,1.5,1.05,0.8,1.3
Sabal mexicana,1,0,0,0,0,0,0,0,0,0,0,0,0,0,0,0,0,0,0,0,0,0,0,0,0,0,0,0,0,0,0,1,0,0,0,0,0,0,0,0,0,0,0,0,1,0,0,1,0,0,0,0,0,0,0,0,1,20.0,81.0,25.0,1.6,2.0,4.35,1.45,1.0,1.9,1.4,1.1,1.7
Sabal minor,1,0,0,1,0,0,0,0,0,0,0,0,0,0,0,0,0,0,0,0,0,0,0,0,0,0,0,0,0,0,0,1,0,1,0,0,0,0,0,0,0,0,0,0,0,1,0,1,0,0,0,0,0,0,0,0,1,0.0,20.0,10.0,1.2,1.5,1.8,0.8,0.6,1.0,0.7,0.6,0.8
Sabal palmetto,1,0,0,0,0,0,0,0,0,0,0,0,0,0,0,0,0,0,0,0,0,0,0,0,0,0,0,0,0,0,0,1,0,0,0,0,0,0,0,0,0,0,0,0,1,0,0,1,0,0,0,0,1,0,0,0,1,20.0,35.0,30.0,1.2,1.9,1.9,1.1,0.8,1.4,1.1,0.8,1.4
Socratea exorrhiza,0,0,0,0,0,0,0,0,0,0,0,0,0,0,0,0,0,0,0,0,0,0,0,0,0,0,0,0,0,0,1,0,0,0,0,0,0,0,0,0,0,0,1,0,1,0,0,1,0,0,0,0,0,0,0,0,1,20.0,20.0,7.0,3.5,2.8,0.75,3.0,2.5,3.5,1.75,1.5,2.0
Socratea hecatonandra,0,0,0,0,0,0,0,0,0,1,0,0,0,0,0,0,0,0,0,0,0,0,0,0,0,0,0,0,0,0,1,0,0,0,1,0,0,0,0,0,0,0,0,0,1,0,1,0,0,0,0,0,1,0,0,0,1,20.0,30.0,7.0,4.55,4.0,0.6,4.5,4.0,5.0,2.25,2.0,2.5
Socratea salazarii,0,0,0,0,0,0,0,0,0,0,0,0,0,0,0,0,0,0,0,0,0,0,0,0,0,0,0,0,0,0,1,0,0,0,0,0,0,0,0,0,0,0,1,0,1,0,0,1,0,1,0,0,0,0,0,0,1,16.0,12.0,7.0,3.17,2.5,0.72,3.0,2.5,3.5,2.25,2.0,2.5
Sommieria leucophylla,0,0,0,1,0,0,0,0,0,0,0,0,0,0,0,0,0,0,1,0,0,0,0,0,0,0,0,0,0,0,0,0,0,1,0,0,0,0,1,0,0,0,0,0,0,1,0,1,0,0,0,0,1,0,0,1,0,0.0,4.0,40.0,2.185,1.8,0.8,1.2,0.9,1.5,1.15,0.8,1.5
Syagrus amara,0,0,0,0,0,0,0,0,0,0,0,0,0,0,0,0,1,0,0,0,0,0,0,0,0,0,0,0,0,0,0,0,0,0,0,0,0,1,0,0,0,0,0,0,1,0,1,0,0,0,0,0,1,0,0,1,0,20.0,24.0,22.0,3.55,3.64,0.2,6.0,4.1,7.0,4.05,3.4,4.7
Syagrus botryophora,0,0,0,0,0,0,0,0,0,1,0,0,0,0,0,0,0,0,0,0,0,0,0,0,0,0,0,0,1,0,1,0,0,0,1,0,0,0,0,0,0,0,0,0,1,0,1,0,0,0,0,1,0,0,0,0,1,18.0,25.0,19.0,3.35,3.0,0.4,4.25,3.5,5.0,2.6,2.2,3.0
Syagrus campestris,0,0,0,0,0,0,0,0,0,1,0,0,0,0,0,0,0,0,0,0,0,0,0,0,0,0,0,0,0,0,1,0,0,0,1,0,0,0,0,0,0,0,0,0,0,1,0,1,0,0,0,0,1,0,0,0,1,3.0,15.0,10.0,0.74,0.74,0.26,3.15,2.8,3.5,2.6,2.2,3.0
Syagrus cardenasii,0,0,0,0,1,0,0,0,0,0,0,0,0,0,0,0,0,0,0,0,0,0,0,0,0,0,0,0,0,0,0,0,0,1,0,0,0,0,0,0,0,0,0,0,0,1,0,1,0,0,0,1,0,0,0,0,1,4.0,10.0,12.0,3.0,1.6,1.45,3.1,2.0,4.2,1.85,1.7,2.0
Syagrus cearensis,0,0,0,0,0,0,0,0,0,1,0,0,0,0,0,0,1,0,0,0,0,0,0,0,0,0,0,0,0,0,1,0,0,0,1,0,0,1,0,0,0,0,0,0,1,0,0,1,0,0,0,0,1,0,0,1,0,10.0,18.0,15.0,3.7,3.2,0.55,3.75,3.5,4.0,3.5,3.0,4.0
Syagrus cocoides,0,0,0,1,0,0,0,0,0,0,0,0,0,0,0,0,0,0,0,0,0,0,0,0,0,0,0,0,0,0,1,0,0,1,0,0,0,0,0,0,0,0,0,0,1,0,1,0,0,0,0,1,0,0,0,0,1,9.0,12.0,22.0,4.0,1.8,0.24,4.65,3.5,5.8,2.5,1.5,3.5
Syagrus comosa,0,0,0,1,0,0,0,0,0,1,0,0,0,0,0,0,0,0,0,0,0,0,0,0,0,0,0,0,0,1,0,0,0,1,1,0,0,0,0,0,0,0,1,0,1,0,0,1,0,0,0,1,0,0,0,1,0,7.0,15.0,12.0,1.67,1.4,0.44,2.6,2.0,3.2,1.75,1.4,2.1
Syagrus coronata,0,0,0,0,0,0,0,0,0,1,0,0,0,0,0,0,1,0,0,0,0,0,0,0,0,0,0,0,0,1,0,0,0,0,1,0,0,1,0,0,0,0,0,0,1,0,0,1,0,0,0,0,1,0,0,1,0,12.0,25.0,30.0,4.0,2.8,1.7,2.75,2.5,3.0,1.85,1.7,2.0
Syagrus deflexa,0,0,0,0,0,0,0,0,0,1,0,0,0,0,0,0,0,0,0,0,0,0,0,0,0,0,0,0,0,0,1,0,0,0,1,0,0,0,0,0,0,0,0,0,0,1,0,1,1,0,0,0,0,0,0,0,1,3.0,10.0,7.0,1.0,0.85,0.22,3.75,3.0,4.5,1.75,1.5,2.0
Syagrus duartei,0,0,0,1,0,0,0,0,0,0,0,0,0,0,0,0,0,0,0,0,0,0,0,0,0,0,0,0,0,0,0,0,0,1,0,0,0,0,0,0,0,0,0,0,0,1,0,1,0,1,0,0,0,0,0,0,1,2.0,12.0,12.0,1.2,0.9,0.14,3.4,3.0,3.8,2.85,2.5,3.2
Syagrus flexuosa,0,0,0,0,0,0,0,0,0,0,0,0,0,0,0,0,0,0,0,0,0,0,0,0,0,0,0,0,0,0,1,0,0,0,0,0,0,0,0,0,0,0,1,0,0,1,1,0,0,0,0,0,1,0,0,0,1,5.0,20.0,15.0,1.69,1.13,0.34,4.25,3.0,5.5,2.25,1.5,3.0
Syagrus glaucescens,0,0,0,1,0,0,0,0,0,0,0,0,0,0,0,0,1,0,0,0,0,0,0,0,0,0,0,0,0,0,0,0,0,1,0,0,0,1,0,0,0,0,0,0,0,1,0,1,0,0,0,1,0,0,0,1,0,5.0,12.0,10.0,1.0,1.18,0.36,2.5,2.0,3.0,2.05,1.6,2.5
Syagrus graminifolia,0,0,0,0,1,0,0,0,0,1,0,0,0,0,0,0,0,0,0,0,0,0,0,0,0,0,0,0,0,1,0,0,0,0,0,0,0,0,0,0,0,0,1,0,0,1,0,1,1,0,0,0,0,0,0,1,0,0.15,4.0,15.0,0.8,0.84,0.15,2.6,2.0,3.2,1.95,1.2,2.7
Syagrus inajai,0,0,0,0,0,0,0,0,0,0,0,0,0,0,0,0,0,0,0,0,0,0,0,0,0,0,0,0,0,1,0,0,0,0,0,0,0,0,0,0,0,0,1,0,1,0,1,0,0,0,0,1,0,0,0,1,0,15.0,15.0,18.0,4.3,3.9,0.04,4.35,3.2,5.5,2.75,2.5,3.0
Syagrus macrocarpa,0,0,0,0,0,0,0,0,0,1,0,0,0,0,0,0,0,0,0,0,0,0,0,0,0,0,0,0,0,0,0,0,0,0,1,0,0,0,0,0,0,0,0,0,1,0,1,0,1,0,0,0,0,0,0,0,1,10.0,20.0,20.0,4.0,1.33,0.43,7.75,6.5,9.0,3.75,3.0,4.5
Syagrus oleracea,0,0,0,0,0,0,0,0,0,1,1,0,0,0,0,0,0,0,0,0,0,0,0,0,0,0,0,0,0,1,0,0,0,0,1,0,0,0,0,0,0,0,0,0,1,0,1,0,0,0,0,0,1,0,0,0,1,20.0,30.0,20.0,3.98,3.8,0.16,5.5,4.0,7.0,2.35,2.1,2.6
Syagrus orinocensis,0,0,0,1,0,0,0,0,0,0,0,0,0,0,0,0,0,0,0,0,0,0,0,0,0,0,0,0,0,1,0,0,0,1,0,0,0,0,0,0,0,0,1,0,1,0,0,1,0,0,0,1,0,0,0,1,0,12.0,15.0,10.0,3.65,2.5,0.08,3.5,3.0,4.0,2.05,1.9,2.2
Syagrus picrophylla,0,0,0,1,0,0,0,0,0,0,0,0,0,0,0,0,1,0,0,0,0,0,0,0,0,0,0,0,0,0,0,0,0,1,0,0,0,0,0,0,0,0,0,0,1,0,0,1,0,0,0,0,1,0,0,0,1,8.0,20.0,12.0,3.19,3.07,0.14,3.5,3.0,4.0,2.3,2.0,2.6
Syagrus pleioclada,0,0,0,0,0,0,0,0,0,1,0,0,0,0,0,0,0,0,0,0,0,0,0,0,0,0,0,0,0,0,0,0,0,0,1,0,0,0,0,0,0,0,0,0,0,1,0,1,1,0,0,0,0,0,0,0,1,0.5,13.0,7.0,1.2,0.97,0.06,2.5,2.0,3.0,1.9,1.5,2.3
Syagrus pseudococos,0,0,0,0,0,0,0,0,0,0,0,0,0,0,0,0,0,0,0,0,0,0,0,0,0,0,0,0,0,1,0,0,0,0,0,0,0,0,0,0,0,0,1,0,1,0,1,0,0,0,0,0,1,0,0,1,0,15.0,25.0,22.0,2.2,2.5,0.1,6.5,6.0,7.0,3.9,3.8,4.0
Syagrus romanzoffiana,0,0,0,0,0,0,0,0,0,0,0,0,0,0,0,0,1,0,0,0,0,0,0,0,0,0,0,0,0,1,0,0,0,0,0,0,0,1,0,0,0,0,1,0,1,0,0,1,0,0,0,0,1,0,0,1,0,17.0,50.0,25.0,5.8,4.4,0.1,2.5,2.0,3.0,1.5,1.2,1.8
Syagrus sancona,0,0,0,0,0,0,0,0,0,0,0,0,0,0,0,0,1,0,0,0,0,0,0,0,0,0,0,0,0,1,0,0,0,0,0,0,0,1,0,0,0,0,1,0,1,0,0,1,1,0,0,0,0,0,0,1,0,30.0,35.0,17.0,4.5,3.1,0.15,3.25,3.0,3.5,1.9,1.5,2.3
Syagrus schizophylla,0,0,0,0,0,0,0,0,0,0,0,0,0,0,0,0,1,0,0,0,0,0,0,1,0,0,0,0,0,0,0,0,0,0,0,0,0,1,0,0,1,0,0,0,0,1,0,1,1,0,0,0,0,0,0,1,0,4.0,15.0,25.0,2.8,2.0,0.11,2.75,2.0,3.5,2.0,1.5,2.5
Syagrus smithii,0,0,0,0,0,0,0,0,0,0,0,0,0,0,0,0,0,0,0,0,0,0,0,0,0,0,0,0,0,1,0,0,0,0,0,0,0,0,0,0,0,0,1,0,1,0,1,0,1,0,0,0,0,0,0,1,0,10.0,10.0,18.0,3.56,3.0,0.1,6.5,5.0,8.0,3.6,3.0,4.2
Syagrus stratincola,0,0,0,0,0,0,0,0,0,1,0,0,0,0,0,0,0,0,0,0,0,0,0,0,0,0,0,0,0,0,1,0,0,0,1,0,0,0,0,0,0,0,0,0,1,0,1,0,0,0,0,0,1,0,0,0,1,14.0,10.0,12.0,4.0,2.5,0.1,4.25,4.0,4.5,3.85,3.7,4.0
Syagrus vagans,0,0,0,0,0,0,0,0,0,1,0,0,0,0,0,0,0,0,0,0,0,0,0,0,0,0,0,0,0,0,1,0,0,0,1,0,0,0,0,0,0,0,0,0,0,1,0,1,1,0,0,0,0,0,0,0,1,0.3,15.0,30.0,3.0,1.9,0.45,3.25,2.8,3.7,1.65,1.5,1.8
Syagrus yungasensis,0,0,0,0,0,0,0,0,0,1,0,0,0,0,0,0,0,0,0,0,0,0,0,0,0,0,0,0,0,0,0,0,0,0,1,0,0,0,0,0,0,0,0,0,0,1,0,1,1,0,0,0,0,0,0,0,1,6.0,15.0,18.0,2.2,1.6,0.4,4.0,3.5,4.5,2.75,2.5,3.0
Synechanthus fibrosus,0,0,0,0,0,0,0,0,0,0,0,0,0,0,0,0,1,0,0,0,0,0,0,1,0,0,0,0,0,0,0,0,0,0,0,0,0,1,0,0,1,0,0,0,1,0,0,1,0,1,0,0,0,0,0,1,0,6.0,3.0,12.0,3.6,2.5,1.15,1.75,1.4,2.1,1.2,1.0,1.4
Thrinax radiata,0,0,0,0,0,0,0,0,0,0,0,0,0,0,0,0,0,0,0,0,0,0,0,0,0,0,0,1,0,0,0,0,0,0,0,0,0,0,0,0,0,1,0,0,1,0,0,1,0,0,0,0,0,0,0,0,1,12.0,13.0,22.0,1.36,1.5,2.26,0.75,0.7,0.8,0.75,0.7,0.8
Voanioala gerardii,0,0,0,1,0,0,0,0,0,0,0,0,0,0,0,0,0,0,0,0,0,0,0,1,0,0,0,0,0,0,0,0,0,1,0,0,0,0,0,0,0,0,0,0,1,0,1,0,0,0,0,1,0,0,0,0,1,20.0,35.0,20.0,6.5,5.0,1.55,7.5,7.0,8.0,4.5,4.0,5.0
Wettinia aequalis,0,0,0,0,1,0,0,0,0,0,0,0,0,0,0,0,0,0,0,0,0,0,0,0,0,0,0,0,0,1,0,0,0,0,0,0,0,0,0,0,0,0,1,0,1,0,0,1,0,0,0,1,0,0,0,1,0,10.0,13.0,6.0,5.0,4.7,0.33,2.5,2.0,3.0,3.5,1.5,2.0
Wettinia drudei,0,0,0,0,0,0,0,0,0,0,0,0,0,0,0,0,0,0,0,0,0,0,0,0,0,0,0,0,0,1,0,0,0,0,0,0,0,0,0,0,0,0,1,0,1,0,0,1,0,0,0,0,1,0,0,1,0,7.0,4.0,5.0,2.5,1.3,1.25,2.5,2.0,3.0,0.75,0.5,1.5
Wettinia fascicularis,0,0,0,1,0,0,0,0,0,0,0,0,0,0,0,0,0,0,0,0,0,0,0,0,0,0,0,0,0,0,0,0,0,1,0,0,0,0,0,0,0,0,0,0,1,0,1,0,0,0,0,1,0,0,0,0,1,20.0,20.0,5.0,5.0,2.9,2.2,4.5,3.0,6.0,5.0,1.5,3.5
Wettinia kalbreyeri,0,0,0,0,0,0,0,0,0,1,0,0,0,0,0,0,0,0,0,0,0,0,0,0,0,0,0,0,0,0,0,0,0,0,1,0,0,0,0,0,0,0,0,0,1,0,0,1,0,0,0,0,1,0,0,0,1,20.0,20.0,5.0,5.0,2.9,2.2,2.95,2.4,3.5,5.0,2.0,3.0
Wettinia maynensis,0,0,0,1,0,0,0,0,0,0,0,0,0,0,0,0,0,0,0,0,0,0,0,0,0,0,0,0,0,0,0,0,0,0,0,0,0,0,0,0,0,0,0,0,1,0,0,1,0,0,0,0,1,0,0,0,0,19.0,15.0,10.0,5.0,4.5,0.55,2.15,1.8,3.5,1.75,1.5,2.0
Wettinia oxycarpa,0,0,0,1,0,0,0,0,0,0,0,0,0,0,0,0,0,0,0,0,0,0,0,0,0,0,0,0,0,0,0,0,0,1,0,0,0,0,0,0,0,0,0,0,1,0,0,1,0,0,0,0,1,0,0,0,1,15.0,15.0,6.0,6.0,3.3,2.8,3.5,2.5,3.5,3.5,1.5,2.0
Wettinia quinaria,0,0,0,1,0,0,0,0,0,1,0,0,0,0,0,0,0,0,0,0,0,0,0,0,0,0,0,0,0,0,0,0,0,1,1,0,0,0,0,0,0,0,0,0,1,0,0,1,0,0,0,0,1,0,0,0,1,15.0,20.0,6.0,5.5,3.2,1.35,2.75,2.0,3.5,2.0,1.5,2.5
Wodyetia bifurcata,0,0,0,0,0,0,0,0,0,0,0,0,0,0,0,0,0,0,0,0,0,0,0,1,0,0,0,0,0,0,0,0,0,0,0,0,0,0,0,0,1,0,0,0,1,0,1,0,0,0,0,1,0,0,0,1,0,15.0,25.0,10.0,3.2,2.3,1.02,5.75,5.0,6.5,4.35,2.7,6.0
